price,bedrooms,bathrooms,area_sqm,subcity_addis ketema,subcity_akaky kaliti,subcity_arada,subcity_bole,subcity_gulele,subcity_kirkos,subcity_kolfe,subcity_lidetta,subcity_nifas silk,subcity_yeka
26500.0,2,2,92.4,0,0,0,0,0,0,1,0,0,0
62000.0,5,3,147.4,0,0,0,0,0,1,0,0,0,0
17500.0,1,1,56.0,0,0,0,0,0,0,0,1,0,0
34500.0,3,1,111.1,0,0,0,0,1,0,0,0,0,0
47500.0,5,3,160.4,1,0,0,0,0,0,0,0,0,0
26000.0,2,1,74.6,0,0,0,0,0,0,1,0,0,0
43000.0,4,3,134.4,0,0,0,0,0,0,1,0,0,0
25000.0,1,1,57.7,0,0,0,1,0,0,0,0,0,0
21500.0,1,1,60.8,0,0,1,0,0,0,0,0,0,0
30000.0,2,1,76.9,0,0,0,0,0,1,0,0,0,0
48000.0,4,2,152.7,0,0,0,0,0,0,0,0,1,0
44000.0,3,2,124.6,0,0,0,0,0,0,1,0,0,0
36500.0,2,1,90.3,0,0,0,0,0,1,0,0,0,0
20500.0,1,1,63.7,0,0,0,0,0,0,0,0,0,1
35500.0,2,2,96.1,0,0,1,0,0,0,0,0,0,0
34500.0,1,1,77.6,0,0,0,1,0,0,0,0,0,0
20500.0,1,1,54.0,0,0,0,0,0,0,1,0,0,0
44000.0,4,2,129.1,0,0,0,0,0,0,0,0,1,0
17000.0,1,1,42.1,0,0,0,0,0,0,1,0,0,0
32500.0,1,1,77.5,0,0,0,0,0,1,0,0,0,0
24000.0,2,1,87.0,0,1,0,0,0,0,0,0,0,0
31000.0,3,2,82.5,0,0,0,0,0,0,1,0,0,0
22500.0,1,1,71.3,0,0,0,0,0,0,0,0,0,1
31000.0,2,2,75.2,0,0,1,0,0,0,0,0,0,0
58000.0,4,2,137.5,0,0,0,1,0,0,0,0,0,0
34000.0,3,2,102.1,0,0,0,0,1,0,0,0,0,0
29500.0,3,2,100.2,1,0,0,0,0,0,0,0,0,0
33500.0,2,1,87.5,0,0,0,0,0,1,0,0,0,0
39500.0,2,2,81.1,0,0,0,0,0,1,0,0,0,0
19500.0,1,1,60.0,0,0,0,0,0,0,0,0,0,1
65500.0,4,2,134.1,0,0,0,1,0,0,0,0,0,0
30000.0,2,1,97.9,0,0,0,0,1,0,0,0,0,0
26000.0,2,1,53.1,0,0,0,0,0,1,0,0,0,0
43000.0,4,2,124.6,0,0,0,0,0,0,0,1,0,0
40000.0,4,3,122.6,0,0,0,0,1,0,0,0,0,0
21000.0,1,1,65.8,0,0,0,0,0,0,0,0,0,1
38000.0,3,2,114.7,0,0,0,0,0,0,0,1,0,0
23000.0,1,1,77.5,0,0,0,0,0,0,1,0,0,0
42000.0,3,3,99.5,0,0,0,0,0,1,0,0,0,0
33000.0,2,1,93.0,0,0,0,0,0,0,0,0,0,1
35500.0,2,2,88.3,0,0,0,0,1,0,0,0,0,0
46500.0,3,2,87.5,0,0,0,1,0,0,0,0,0,0
39500.0,2,1,108.8,0,0,0,0,0,0,0,0,0,1
29000.0,2,1,68.7,0,0,0,1,0,0,0,0,0,0
50000.0,5,3,156.7,0,0,0,0,1,0,0,0,0,0
18500.0,1,1,67.3,0,0,0,0,1,0,0,0,0,0
24500.0,2,1,80.1,0,0,0,0,0,0,1,0,0,0
36000.0,2,2,85.2,0,0,0,1,0,0,0,0,0,0
45000.0,3,2,101.2,0,0,0,1,0,0,0,0,0,0
25000.0,1,2,55.9,0,0,0,0,1,0,0,0,0,0
24000.0,1,1,69.1,0,0,1,0,0,0,0,0,0,0
34500.0,3,1,103.9,0,0,0,0,0,0,1,0,0,0
47500.0,4,3,139.4,0,0,0,0,0,0,0,0,1,0
34500.0,2,2,86.6,0,0,1,0,0,0,0,0,0,0
24000.0,1,1,55.6,0,0,0,0,0,1,0,0,0,0
27000.0,1,1,69.1,0,0,0,0,0,0,0,0,0,1
64500.0,4,2,132.8,0,0,0,0,0,1,0,0,0,0
42500.0,5,3,132.9,0,0,0,0,0,0,0,1,0,0
45500.0,2,2,91.1,0,0,0,1,0,0,0,0,0,0
57500.0,5,3,155.6,0,0,0,0,0,0,0,0,0,1
45500.0,4,3,139.4,0,0,0,0,1,0,0,0,0,0
33000.0,2,1,70.7,0,0,1,0,0,0,0,0,0,0
37500.0,4,2,113.1,0,0,0,0,0,0,1,0,0,0
55000.0,5,3,172.1,0,0,0,0,1,0,0,0,0,0
40000.0,4,2,125.0,0,0,0,0,0,0,1,0,0,0
33500.0,2,1,96.6,0,0,0,0,1,0,0,0,0,0
66000.0,5,3,142.7,0,0,1,0,0,0,0,0,0,0
81500.0,5,3,165.1,0,0,0,1,0,0,0,0,0,0
67500.0,5,3,147.2,0,0,1,0,0,0,0,0,0,0
21000.0,1,1,58.9,0,0,0,0,1,0,0,0,0,0
49500.0,3,2,106.6,0,0,0,0,0,1,0,0,0,0
43500.0,3,1,117.9,0,0,0,0,0,0,0,0,1,0
36500.0,3,2,85.4,0,0,0,0,0,1,0,0,0,0
31500.0,1,1,77.9,0,0,0,1,0,0,0,0,0,0
61500.0,4,3,139.8,0,0,0,1,0,0,0,0,0,0
30500.0,2,1,101.0,1,0,0,0,0,0,0,0,0,0
17000.0,1,1,63.4,0,1,0,0,0,0,0,0,0,0
51500.0,5,3,164.2,0,0,0,0,1,0,0,0,0,0
24000.0,1,1,72.6,1,0,0,0,0,0,0,0,0,0
18000.0,1,1,54.7,0,0,0,0,0,0,1,0,0,0
34000.0,3,1,88.2,0,0,0,0,1,0,0,0,0,0
19500.0,1,1,50.5,0,0,0,0,0,1,0,0,0,0
55000.0,5,3,152.1,0,0,0,0,0,0,0,0,0,1
27000.0,2,1,90.5,0,1,0,0,0,0,0,0,0,0
18000.0,1,1,42.3,0,0,1,0,0,0,0,0,0,0
30500.0,1,1,80.5,0,0,0,0,0,0,0,0,0,1
38000.0,2,1,73.4,0,0,0,1,0,0,0,0,0,0
38500.0,3,2,108.0,0,0,0,0,0,0,0,1,0,0
21500.0,1,1,76.2,0,0,0,0,0,0,1,0,0,0
35500.0,2,1,87.8,0,0,0,0,0,1,0,0,0,0
78000.0,5,3,151.8,0,0,0,1,0,0,0,0,0,0
32000.0,2,1,82.7,0,0,0,0,0,1,0,0,0,0
56500.0,4,2,125.3,0,0,0,1,0,0,0,0,0,0
41500.0,3,2,108.9,0,0,1,0,0,0,0,0,0,0
24000.0,1,1,64.4,0,0,0,0,0,1,0,0,0,0
49000.0,3,2,117.6,0,0,0,1,0,0,0,0,0,0
38500.0,3,3,96.3,0,0,0,0,0,0,0,0,1,0
51500.0,5,3,148.5,0,1,0,0,0,0,0,0,0,0
35500.0,3,2,82.6,0,0,0,0,0,1,0,0,0,0
55500.0,5,3,162.7,0,0,0,0,0,0,0,0,1,0
63500.0,5,3,143.9,0,0,0,1,0,0,0,0,0,0
49000.0,5,3,166.6,1,0,0,0,0,0,0,0,0,0
32500.0,2,2,80.3,0,0,1,0,0,0,0,0,0,0
47000.0,5,3,151.4,0,0,0,0,0,0,1,0,0,0
52500.0,3,1,131.0,0,0,0,1,0,0,0,0,0,0
50500.0,4,3,126.7,0,0,1,0,0,0,0,0,0,0
64500.0,5,3,166.9,0,0,1,0,0,0,0,0,0,0
23000.0,1,1,64.8,0,0,1,0,0,0,0,0,0,0
41000.0,2,1,96.2,0,0,0,0,0,0,0,0,0,1
47000.0,3,2,99.8,0,0,0,0,0,1,0,0,0,0
56500.0,5,3,140.2,0,0,1,0,0,0,0,0,0,0
61000.0,5,3,144.3,0,0,0,0,0,1,0,0,0,0
42500.0,2,1,87.2,0,0,0,1,0,0,0,0,0,0
23500.0,2,1,83.4,0,0,0,0,0,0,1,0,0,0
33500.0,3,2,116.5,0,1,0,0,0,0,0,0,0,0
71500.0,5,3,167.7,0,0,0,1,0,0,0,0,0,0
67500.0,5,3,140.3,0,0,1,0,0,0,0,0,0,0
36500.0,2,1,77.2,0,0,0,1,0,0,0,0,0,0
18000.0,1,1,46.8,0,0,0,0,1,0,0,0,0,0
55000.0,4,3,154.4,0,0,0,0,0,0,0,0,0,1
30000.0,2,2,89.7,0,0,0,0,0,0,0,0,1,0
22000.0,1,1,69.8,0,0,0,0,1,0,0,0,0,0
54000.0,3,1,108.0,0,0,0,1,0,0,0,0,0,0
24500.0,2,2,92.1,0,1,0,0,0,0,0,0,0,0
37500.0,3,1,105.0,0,0,0,0,0,0,0,0,0,1
48500.0,2,2,98.9,0,0,0,1,0,0,0,0,0,0
67500.0,4,2,157.7,0,0,1,0,0,0,0,0,0,0
53000.0,4,3,118.6,0,0,0,0,0,1,0,0,0,0
36000.0,3,2,95.7,0,0,0,0,0,0,1,0,0,0
22000.0,1,1,53.5,0,0,0,0,0,0,1,0,0,0
42500.0,3,2,127.3,0,0,0,0,0,0,0,0,0,1
41500.0,4,3,142.5,1,0,0,0,0,0,0,0,0,0
33500.0,2,2,84.4,0,0,0,0,0,0,0,0,0,1
33500.0,2,1,86.4,0,0,1,0,0,0,0,0,0,0
37000.0,3,2,98.2,0,0,0,0,0,0,0,0,0,1
44000.0,3,2,103.4,0,0,0,1,0,0,0,0,0,0
42000.0,2,1,82.9,0,0,0,1,0,0,0,0,0,0
35500.0,2,1,93.3,0,0,0,0,0,1,0,0,0,0
39000.0,4,2,127.7,1,0,0,0,0,0,0,0,0,0
31000.0,3,2,105.2,0,1,0,0,0,0,0,0,0,0
37500.0,3,2,108.1,0,0,0,0,1,0,0,0,0,0
40500.0,4,3,139.5,0,1,0,0,0,0,0,0,0,0
27500.0,2,1,105.8,0,1,0,0,0,0,0,0,0,0
30000.0,3,1,99.5,0,0,0,0,1,0,0,0,0,0
38000.0,2,1,93.8,0,0,0,0,0,1,0,0,0,0
37500.0,2,1,88.1,0,0,0,1,0,0,0,0,0,0
56500.0,5,3,148.1,0,0,0,0,0,0,0,0,0,1
27000.0,2,1,79.9,0,0,0,0,0,0,0,0,0,1
62500.0,4,3,147.8,0,0,0,1,0,0,0,0,0,0
18000.0,1,1,69.8,0,0,0,0,0,0,0,1,0,0
54000.0,3,2,124.5,0,0,0,1,0,0,0,0,0,0
47000.0,3,2,111.2,0,0,0,1,0,0,0,0,0,0
37000.0,3,2,109.0,0,0,0,0,0,0,0,0,1,0
14500.0,1,1,52.8,0,0,0,0,0,0,0,1,0,0
65000.0,5,3,152.1,0,0,0,0,0,0,0,0,0,1
35000.0,2,1,86.2,0,0,0,0,0,0,0,0,0,1
40000.0,4,2,113.6,0,0,0,0,0,0,1,0,0,0
38500.0,4,2,123.5,1,0,0,0,0,0,0,0,0,0
30000.0,2,1,82.1,0,0,1,0,0,0,0,0,0,0
31000.0,1,1,69.0,0,0,0,1,0,0,0,0,0,0
43500.0,2,2,91.5,0,0,0,1,0,0,0,0,0,0
63000.0,5,3,145.0,0,0,0,0,0,0,0,0,0,1
78500.0,5,3,157.6,0,0,0,1,0,0,0,0,0,0
55500.0,5,3,149.8,0,0,0,0,1,0,0,0,0,0
24500.0,2,2,51.6,0,0,0,1,0,0,0,0,0,0
22500.0,1,1,76.9,0,0,0,0,1,0,0,0,0,0
42000.0,4,2,109.8,0,0,0,0,0,0,0,0,1,0
42500.0,3,2,109.4,0,0,0,0,0,0,0,0,0,1
44500.0,4,3,149.0,0,0,0,0,0,0,1,0,0,0
44000.0,4,2,120.9,0,0,0,0,1,0,0,0,0,0
50500.0,5,3,152.0,0,0,0,0,1,0,0,0,0,0
50500.0,2,1,105.5,0,0,0,1,0,0,0,0,0,0
32500.0,3,1,107.0,0,1,0,0,0,0,0,0,0,0
24000.0,1,1,64.6,0,0,0,0,0,1,0,0,0,0
26500.0,1,1,80.3,0,0,0,0,0,0,0,0,0,1
46500.0,3,2,115.9,0,0,1,0,0,0,0,0,0,0
48000.0,5,3,141.5,0,0,0,0,1,0,0,0,0,0
30500.0,3,3,100.2,1,0,0,0,0,0,0,0,0,0
56500.0,4,2,135.9,0,0,0,0,0,0,0,0,0,1
16500.0,1,1,56.5,0,1,0,0,0,0,0,0,0,0
42500.0,3,2,82.6,0,0,0,1,0,0,0,0,0,0
50000.0,4,2,129.4,0,0,1,0,0,0,0,0,0,0
24000.0,2,1,68.2,0,0,0,0,0,0,0,0,1,0
28500.0,1,1,66.1,0,0,0,1,0,0,0,0,0,0
74000.0,5,3,141.1,0,0,0,0,0,1,0,0,0,0
37500.0,4,3,121.6,1,0,0,0,0,0,0,0,0,0
29000.0,2,1,63.3,0,0,0,0,0,0,0,0,1,0
21000.0,2,1,72.8,0,1,0,0,0,0,0,0,0,0
68000.0,5,3,178.8,0,0,1,0,0,0,0,0,0,0
24000.0,1,1,72.7,0,0,0,0,0,0,1,0,0,0
56000.0,4,3,128.9,0,0,0,1,0,0,0,0,0,0
38500.0,2,2,80.8,0,0,0,1,0,0,0,0,0,0
61000.0,5,2,149.7,0,0,0,0,0,0,0,0,0,1
35000.0,1,1,89.4,0,0,1,0,0,0,0,0,0,0
32000.0,2,1,102.7,0,0,0,0,0,0,0,0,1,0
24500.0,2,1,78.0,0,0,0,0,0,0,0,0,1,0
23000.0,1,1,56.0,0,0,0,0,0,1,0,0,0,0
73000.0,5,2,151.0,0,0,0,0,0,1,0,0,0,0
41000.0,2,1,85.3,0,0,0,0,0,1,0,0,0,0
21000.0,2,1,73.1,0,0,0,0,0,0,0,1,0,0
60000.0,5,2,154.7,0,0,1,0,0,0,0,0,0,0
30500.0,2,1,93.4,0,0,0,0,0,0,0,0,0,1
30000.0,2,1,86.0,0,0,0,0,0,0,0,0,0,1
29500.0,2,1,87.3,0,0,0,0,1,0,0,0,0,0
23000.0,2,1,73.5,0,0,0,0,0,0,1,0,0,0
25500.0,1,1,65.3,0,0,0,1,0,0,0,0,0,0
19500.0,1,1,67.9,0,0,0,0,0,0,0,0,1,0
42500.0,2,1,92.8,0,0,0,1,0,0,0,0,0,0
30500.0,2,1,103.0,0,0,0,0,0,0,1,0,0,0
39500.0,2,2,97.2,0,0,0,0,0,0,0,0,0,1
55500.0,4,2,130.9,0,0,0,1,0,0,0,0,0,0
33000.0,3,2,93.9,0,1,0,0,0,0,0,0,0,0
75500.0,5,3,144.8,0,0,0,1,0,0,0,0,0,0
29500.0,2,1,83.4,0,0,0,0,0,0,0,0,0,1
77500.0,5,3,155.0,0,0,0,1,0,0,0,0,0,0
23000.0,1,1,58.3,0,0,0,1,0,0,0,0,0,0
51500.0,4,3,115.7,0,0,0,1,0,0,0,0,0,0
45000.0,3,2,88.2,0,0,0,1,0,0,0,0,0,0
65500.0,5,3,149.2,0,0,0,1,0,0,0,0,0,0
17000.0,1,1,52.0,0,0,0,0,1,0,0,0,0,0
20500.0,1,1,48.0,0,0,0,0,0,0,0,0,0,1
53500.0,4,2,134.6,0,0,1,0,0,0,0,0,0,0
49000.0,3,1,102.8,0,0,0,1,0,0,0,0,0,0
58500.0,5,3,158.4,0,0,0,0,0,0,0,0,0,1
20000.0,1,1,55.4,0,0,0,0,0,0,0,0,0,1
22000.0,1,1,78.4,0,0,0,0,0,0,0,0,1,0
57500.0,4,3,140.6,0,0,0,0,0,1,0,0,0,0
59000.0,4,3,137.2,0,0,0,1,0,0,0,0,0,0
67000.0,5,3,163.1,0,0,0,0,0,1,0,0,0,0
49500.0,4,2,106.3,0,0,1,0,0,0,0,0,0,0
40500.0,2,1,102.2,0,0,0,1,0,0,0,0,0,0
70500.0,5,3,164.1,0,0,0,1,0,0,0,0,0,0
32000.0,3,2,112.6,0,1,0,0,0,0,0,0,0,0
29000.0,1,1,64.6,0,0,0,1,0,0,0,0,0,0
46000.0,5,3,148.7,0,0,0,0,0,0,0,1,0,0
46000.0,5,3,156.4,0,1,0,0,0,0,0,0,0,0
29000.0,3,1,104.3,1,0,0,0,0,0,0,0,0,0
46000.0,4,2,140.4,0,0,0,0,0,0,1,0,0,0
15000.0,1,1,45.0,0,0,0,0,0,0,1,0,0,0
22000.0,1,1,57.5,0,0,0,0,0,0,0,0,1,0
33000.0,2,2,110.5,0,0,0,0,0,0,1,0,0,0
61000.0,4,2,122.5,0,0,0,1,0,0,0,0,0,0
23500.0,1,1,61.1,0,0,1,0,0,0,0,0,0,0
40500.0,4,3,134.0,0,0,0,0,0,0,0,1,0,0
49000.0,4,3,121.2,0,0,1,0,0,0,0,0,0,0
54000.0,4,2,127.8,0,0,0,0,0,1,0,0,0,0
46000.0,4,3,140.2,0,0,0,0,0,0,0,0,1,0
54500.0,5,3,143.6,0,0,0,0,0,0,0,0,0,1
49000.0,3,2,117.9,0,0,1,0,0,0,0,0,0,0
82500.0,5,3,164.7,0,0,0,0,0,1,0,0,0,0
30500.0,2,1,87.7,0,0,0,0,0,0,0,0,0,1
42000.0,1,1,102.9,0,0,0,0,0,1,0,0,0,0
65500.0,4,2,142.7,0,0,0,0,0,1,0,0,0,0
40000.0,3,2,106.8,0,0,0,0,1,0,0,0,0,0
68500.0,5,3,169.1,0,0,0,0,0,0,0,0,0,1
40500.0,4,3,147.7,0,1,0,0,0,0,0,0,0,0
38500.0,3,2,92.9,0,0,0,0,0,1,0,0,0,0
35000.0,2,1,91.8,0,0,1,0,0,0,0,0,0,0
45000.0,5,3,137.1,0,0,0,0,0,0,0,1,0,0
23000.0,1,1,74.8,0,0,0,0,0,0,0,0,1,0
59000.0,5,3,158.0,0,0,0,0,0,0,0,0,0,1
19000.0,1,1,70.4,0,0,0,0,1,0,0,0,0,0
25500.0,2,1,74.2,0,0,0,0,0,0,0,0,0,1
48500.0,5,3,150.7,0,0,0,0,1,0,0,0,0,0
50000.0,5,2,133.9,0,0,0,0,0,0,0,1,0,0
69000.0,5,3,128.0,0,0,0,1,0,0,0,0,0,0
52500.0,4,2,121.0,0,0,0,1,0,0,0,0,0,0
30500.0,2,2,96.5,0,0,0,0,1,0,0,0,0,0
60000.0,4,2,143.3,0,0,0,1,0,0,0,0,0,0
32500.0,3,2,100.6,0,1,0,0,0,0,0,0,0,0
29500.0,1,1,71.1,0,0,0,1,0,0,0,0,0,0
28000.0,3,1,85.8,0,0,0,0,0,0,1,0,0,0
34000.0,2,2,87.5,0,0,0,0,0,0,0,0,1,0
23000.0,2,1,80.3,0,0,0,0,0,0,1,0,0,0
39500.0,3,1,102.7,0,0,0,0,0,0,1,0,0,0
21000.0,1,1,45.7,0,0,0,0,0,0,0,0,0,1
46500.0,4,3,134.6,0,0,0,0,0,0,0,0,1,0
35500.0,2,1,74.1,0,0,0,1,0,0,0,0,0,0
48000.0,4,3,140.9,0,0,0,0,0,0,0,0,1,0
49500.0,3,2,111.6,0,0,0,1,0,0,0,0,0,0
40500.0,3,2,112.6,0,0,0,0,0,0,0,0,1,0
33500.0,3,1,96.7,0,0,0,0,0,0,0,0,1,0
38500.0,3,2,98.8,0,0,1,0,0,0,0,0,0,0
65500.0,5,3,163.1,0,0,1,0,0,0,0,0,0,0
56000.0,5,3,173.2,0,0,0,0,0,0,1,0,0,0
27000.0,2,1,91.8,0,0,0,0,0,0,1,0,0,0
48000.0,4,3,119.2,0,0,1,0,0,0,0,0,0,0
56500.0,5,3,156.1,0,0,0,0,0,0,0,0,1,0
67000.0,4,2,131.2,0,0,0,1,0,0,0,0,0,0
62500.0,3,2,125.5,0,0,0,1,0,0,0,0,0,0
75500.0,5,3,143.1,0,0,0,1,0,0,0,0,0,0
75500.0,5,3,159.4,0,0,0,0,0,1,0,0,0,0
20000.0,1,1,68.8,0,0,0,0,0,0,1,0,0,0
60000.0,5,3,142.3,0,0,0,0,0,1,0,0,0,0
32000.0,3,2,119.9,0,1,0,0,0,0,0,0,0,0
46000.0,2,1,107.6,0,0,0,0,0,1,0,0,0,0
38500.0,2,1,82.3,0,0,0,1,0,0,0,0,0,0
50000.0,3,1,124.2,0,0,0,1,0,0,0,0,0,0
25500.0,2,1,94.6,0,1,0,0,0,0,0,0,0,0
31000.0,2,1,74.2,0,0,0,0,0,1,0,0,0,0
68500.0,5,3,149.9,0,0,1,0,0,0,0,0,0,0
18000.0,1,1,63.7,0,1,0,0,0,0,0,0,0,0
32500.0,2,2,98.9,0,0,0,0,0,0,1,0,0,0
53000.0,3,2,117.1,0,0,1,0,0,0,0,0,0,0
41000.0,2,1,102.0,0,0,0,0,0,1,0,0,0,0
37000.0,4,3,106.8,1,0,0,0,0,0,0,0,0,0
36000.0,2,2,89.0,0,0,0,0,1,0,0,0,0,0
22500.0,1,1,72.3,1,0,0,0,0,0,0,0,0,0
28500.0,2,1,67.7,0,0,0,1,0,0,0,0,0,0
32000.0,3,2,100.1,0,0,0,0,0,0,0,1,0,0
18000.0,1,1,53.9,0,0,0,0,0,0,0,0,1,0
66500.0,5,3,152.3,0,0,0,1,0,0,0,0,0,0
27500.0,1,1,88.3,0,0,0,0,1,0,0,0,0,0
42500.0,3,2,98.2,0,0,0,1,0,0,0,0,0,0
43500.0,3,2,114.3,0,0,1,0,0,0,0,0,0,0
25500.0,2,1,92.7,0,0,0,0,0,0,1,0,0,0
37000.0,2,1,90.7,0,0,0,0,0,0,0,0,0,1
65000.0,4,2,133.6,0,0,0,0,0,1,0,0,0,0
28000.0,2,1,96.7,1,0,0,0,0,0,0,0,0,0
47500.0,5,3,155.8,0,0,0,0,0,0,0,1,0,0
32000.0,2,1,99.6,0,0,0,0,0,0,0,0,0,1
42500.0,2,2,88.4,0,0,0,1,0,0,0,0,0,0
14000.0,1,1,39.8,0,0,0,0,1,0,0,0,0,0
40500.0,3,1,107.0,0,0,0,0,0,0,0,0,1,0
34500.0,2,1,78.0,0,0,0,1,0,0,0,0,0,0
41500.0,4,3,115.8,0,1,0,0,0,0,0,0,0,0
56000.0,3,2,125.2,0,0,0,1,0,0,0,0,0,0
41000.0,3,2,114.1,0,0,0,0,0,0,0,0,0,1
51000.0,3,1,107.6,0,0,0,1,0,0,0,0,0,0
18500.0,1,1,57.2,0,0,0,0,0,0,1,0,0,0
49500.0,4,3,133.6,0,0,0,0,0,0,0,0,0,1
22000.0,1,1,75.9,0,1,0,0,0,0,0,0,0,0
42000.0,4,2,120.1,0,0,0,0,0,0,0,0,1,0
66500.0,4,1,140.4,0,0,0,1,0,0,0,0,0,0
32000.0,2,1,85.3,0,0,0,0,0,0,0,0,1,0
46000.0,5,3,146.8,0,0,0,0,0,0,1,0,0,0
56500.0,5,3,175.1,0,0,0,0,0,0,1,0,0,0
42500.0,5,3,148.1,0,1,0,0,0,0,0,0,0,0
22500.0,1,1,67.5,0,0,0,0,0,0,1,0,0,0
53000.0,5,2,175.9,0,0,0,0,1,0,0,0,0,0
15500.0,1,1,57.4,0,0,0,0,0,0,0,1,0,0
61000.0,3,2,129.8,0,0,0,1,0,0,0,0,0,0
56500.0,5,3,152.1,0,0,0,0,0,0,0,0,0,1
62500.0,4,2,151.4,0,0,0,1,0,0,0,0,0,0
27500.0,2,1,89.7,0,0,0,0,1,0,0,0,0,0
30500.0,2,1,85.2,0,0,0,0,0,0,0,0,1,0
25500.0,2,1,78.5,0,0,0,0,0,0,0,1,0,0
37500.0,2,1,86.9,0,0,0,1,0,0,0,0,0,0
44500.0,4,2,140.8,0,0,0,0,1,0,0,0,0,0
48500.0,3,2,107.8,0,0,0,0,0,0,0,0,0,1
47000.0,4,2,126.2,0,0,0,0,0,0,0,0,0,1
34000.0,3,1,105.0,0,0,0,0,1,0,0,0,0,0
27500.0,2,1,97.9,1,0,0,0,0,0,0,0,0,0
24000.0,1,1,78.7,0,0,0,0,0,0,0,0,1,0
49000.0,5,3,144.0,0,0,0,0,0,0,0,0,1,0
41000.0,3,2,121.8,0,0,0,0,1,0,0,0,0,0
17500.0,1,1,52.8,0,0,0,0,0,0,0,0,0,1
35000.0,3,2,104.8,1,0,0,0,0,0,0,0,0,0
16000.0,1,1,46.9,0,0,0,0,0,0,1,0,0,0
37500.0,4,2,110.6,0,0,0,0,0,0,0,0,1,0
19000.0,1,1,54.1,0,0,0,0,0,0,0,0,1,0
36000.0,2,1,89.4,0,0,0,1,0,0,0,0,0,0
32500.0,3,2,115.4,0,1,0,0,0,0,0,0,0,0
42500.0,3,2,122.1,0,0,0,0,0,0,0,0,1,0
15000.0,1,1,42.8,0,0,0,0,1,0,0,0,0,0
48500.0,4,2,144.3,0,0,0,0,0,0,0,0,1,0
44500.0,5,3,148.3,0,1,0,0,0,0,0,0,0,0
73500.0,5,3,160.8,0,0,0,1,0,0,0,0,0,0
45500.0,3,2,108.1,0,0,0,0,0,1,0,0,0,0
58500.0,3,1,121.9,0,0,0,1,0,0,0,0,0,0
21500.0,1,1,45.0,0,0,0,1,0,0,0,0,0,0
55000.0,5,3,152.4,0,0,0,0,0,0,0,0,0,1
26500.0,2,1,73.0,0,0,0,0,0,0,0,0,0,1
67000.0,5,3,158.1,0,0,0,0,0,1,0,0,0,0
50500.0,3,2,101.6,0,0,0,0,0,1,0,0,0,0
47000.0,3,2,119.1,0,0,0,0,0,1,0,0,0,0
40500.0,2,1,102.3,0,0,0,0,0,0,0,0,0,1
46500.0,5,3,132.3,0,0,0,0,0,0,0,0,1,0
49500.0,3,2,119.5,0,0,0,1,0,0,0,0,0,0
37000.0,2,1,82.9,0,0,0,0,0,1,0,0,0,0
39000.0,3,2,93.5,0,0,1,0,0,0,0,0,0,0
31500.0,2,1,97.3,0,0,0,0,0,0,0,0,0,1
40500.0,4,2,115.6,0,0,0,0,0,0,0,0,1,0
17500.0,1,1,63.5,0,0,0,0,1,0,0,0,0,0
28500.0,1,2,72.6,0,0,0,0,0,0,0,0,1,0
43500.0,4,3,122.5,0,0,0,0,0,0,0,0,1,0
26000.0,2,1,77.8,0,0,0,0,0,0,0,0,0,1
63500.0,4,3,142.1,0,0,1,0,0,0,0,0,0,0
41000.0,2,2,89.8,0,0,0,0,0,1,0,0,0,0
49500.0,4,2,142.2,0,0,0,0,1,0,0,0,0,0
28000.0,3,1,96.7,0,0,0,0,0,0,0,1,0,0
43500.0,5,3,143.9,0,1,0,0,0,0,0,0,0,0
48000.0,4,2,122.9,0,0,1,0,0,0,0,0,0,0
25000.0,1,1,63.1,0,0,1,0,0,0,0,0,0,0
28500.0,2,1,89.9,0,0,0,0,0,0,1,0,0,0
35500.0,2,2,91.8,0,0,0,0,0,0,0,0,0,1
41000.0,3,3,107.9,0,0,0,0,0,0,0,1,0,0
30500.0,2,1,70.0,0,0,1,0,0,0,0,0,0,0
79500.0,5,3,160.7,0,0,0,1,0,0,0,0,0,0
34500.0,2,1,85.4,0,0,0,1,0,0,0,0,0,0
34500.0,3,2,121.9,0,0,0,0,0,0,0,1,0,0
24000.0,1,1,55.5,0,0,0,1,0,0,0,0,0,0
51500.0,5,3,132.8,0,0,0,0,0,0,0,0,0,1
63000.0,5,3,151.6,0,0,0,0,0,1,0,0,0,0
72000.0,4,2,145.6,0,0,0,1,0,0,0,0,0,0
51000.0,4,3,121.3,0,0,0,0,0,1,0,0,0,0
54500.0,5,3,129.7,0,0,0,0,0,0,0,0,1,0
73500.0,5,3,167.3,0,0,0,1,0,0,0,0,0,0
50500.0,3,2,115.5,0,0,0,0,0,1,0,0,0,0
20500.0,1,1,74.8,1,0,0,0,0,0,0,0,0,0
18000.0,1,1,70.7,1,0,0,0,0,0,0,0,0,0
19000.0,1,1,62.3,0,0,0,0,1,0,0,0,0,0
20500.0,1,1,52.3,0,0,0,0,1,0,0,0,0,0
56000.0,4,3,135.8,0,0,0,0,0,1,0,0,0,0
48500.0,4,3,139.7,0,0,0,0,0,0,0,0,1,0
31000.0,1,1,81.7,0,0,0,1,0,0,0,0,0,0
46500.0,3,2,112.5,0,0,0,0,0,0,0,0,0,1
27500.0,1,1,75.1,0,0,1,0,0,0,0,0,0,0
74000.0,5,3,146.3,0,0,0,1,0,0,0,0,0,0
47500.0,5,3,157.7,0,0,0,0,0,0,0,1,0,0
57500.0,3,2,115.6,0,0,0,1,0,0,0,0,0,0
46000.0,3,2,96.2,0,0,0,0,0,1,0,0,0,0
71500.0,5,3,160.0,0,0,0,1,0,0,0,0,0,0
37500.0,3,2,101.6,0,0,0,0,0,0,1,0,0,0
63500.0,5,3,152.2,0,0,0,0,0,1,0,0,0,0
27500.0,1,1,81.0,0,0,1,0,0,0,0,0,0,0
28500.0,1,1,73.7,0,0,0,1,0,0,0,0,0,0
34000.0,3,2,130.9,0,1,0,0,0,0,0,0,0,0
58000.0,4,3,121.6,0,0,0,1,0,0,0,0,0,0
18000.0,1,1,55.3,0,0,0,0,0,0,0,0,0,1
59500.0,5,3,148.9,0,0,1,0,0,0,0,0,0,0
49500.0,4,2,127.5,0,0,1,0,0,0,0,0,0,0
43500.0,3,2,101.5,0,0,0,1,0,0,0,0,0,0
42000.0,3,2,117.4,0,0,0,0,0,0,0,0,0,1
19000.0,1,1,56.8,0,0,0,0,0,0,0,0,1,0
63000.0,5,3,159.1,0,0,0,0,0,0,0,0,1,0
31500.0,2,1,94.7,0,0,0,0,1,0,0,0,0,0
40000.0,4,3,120.8,0,0,0,0,0,0,1,0,0,0
53500.0,4,2,124.1,0,0,0,1,0,0,0,0,0,0
27500.0,2,1,72.9,0,0,1,0,0,0,0,0,0,0
19500.0,1,1,64.9,0,0,0,0,0,0,0,1,0,0
38000.0,3,2,96.7,0,0,1,0,0,0,0,0,0,0
48500.0,5,3,145.8,0,0,0,0,0,0,1,0,0,0
41000.0,4,3,115.3,0,0,0,0,0,0,0,1,0,0
54500.0,4,3,132.1,0,0,1,0,0,0,0,0,0,0
18500.0,1,1,69.1,0,1,0,0,0,0,0,0,0,0
20000.0,1,1,68.8,0,0,0,0,0,0,0,0,1,0
26500.0,2,1,86.1,0,0,0,0,0,0,0,1,0,0
27000.0,2,1,67.5,0,0,0,0,0,1,0,0,0,0
25500.0,1,1,56.6,0,0,1,0,0,0,0,0,0,0
58500.0,5,3,147.1,0,0,1,0,0,0,0,0,0,0
27000.0,1,1,59.2,0,0,0,1,0,0,0,0,0,0
67500.0,4,3,130.9,0,0,0,0,0,1,0,0,0,0
34500.0,3,2,125.1,0,1,0,0,0,0,0,0,0,0
46500.0,4,2,139.7,0,0,0,0,0,0,0,0,1,0
52000.0,4,2,137.7,0,0,0,0,0,0,0,0,0,1
31500.0,2,1,76.3,0,0,0,1,0,0,0,0,0,0
26000.0,1,1,62.1,0,0,0,0,0,1,0,0,0,0
18500.0,1,1,47.1,0,0,0,0,0,0,0,0,0,1
49500.0,4,3,135.5,0,0,0,0,0,0,0,0,1,0
64500.0,4,2,132.6,0,0,0,1,0,0,0,0,0,0
50500.0,5,3,151.6,0,0,0,0,1,0,0,0,0,0
21500.0,1,1,55.4,0,0,0,0,0,0,0,0,1,0
43500.0,4,3,129.5,0,0,0,0,0,0,0,0,1,0
61000.0,5,3,154.0,0,0,1,0,0,0,0,0,0,0
55500.0,5,3,156.3,0,0,0,0,0,0,1,0,0,0
41000.0,4,3,119.3,0,0,0,0,1,0,0,0,0,0
22000.0,2,1,59.5,1,0,0,0,0,0,0,0,0,0
35500.0,3,2,114.8,0,0,0,0,0,0,1,0,0,0
20500.0,2,1,71.5,0,0,0,0,0,0,0,1,0,0
50000.0,5,3,156.5,0,0,0,0,1,0,0,0,0,0
48500.0,3,2,115.2,0,0,0,0,0,1,0,0,0,0
23000.0,1,1,49.6,0,0,1,0,0,0,0,0,0,0
37000.0,3,2,128.6,1,0,0,0,0,0,0,0,0,0
47000.0,3,2,119.8,0,0,0,0,0,0,0,0,0,1
40000.0,3,1,112.0,0,0,0,0,1,0,0,0,0,0
55000.0,4,2,128.1,0,0,0,1,0,0,0,0,0,0
81000.0,5,3,158.7,0,0,0,1,0,0,0,0,0,0
42000.0,4,2,122.4,0,0,0,0,0,0,1,0,0,0
59500.0,5,3,149.9,0,0,1,0,0,0,0,0,0,0
32000.0,1,1,67.0,0,0,1,0,0,0,0,0,0,0
27000.0,2,1,91.9,1,0,0,0,0,0,0,0,0,0
31000.0,2,1,79.0,0,0,0,0,0,1,0,0,0,0
16500.0,1,1,47.9,0,0,0,0,0,0,1,0,0,0
32000.0,1,1,83.5,0,0,0,1,0,0,0,0,0,0
61000.0,4,2,159.9,0,0,1,0,0,0,0,0,0,0
27000.0,2,1,91.4,0,0,0,0,0,0,1,0,0,0
14500.0,1,1,48.1,0,1,0,0,0,0,0,0,0,0
38000.0,2,2,92.1,0,0,0,1,0,0,0,0,0,0
33500.0,1,1,80.1,0,0,0,0,0,1,0,0,0,0
20000.0,1,1,49.4,0,0,0,1,0,0,0,0,0,0
56000.0,4,3,128.5,0,0,0,1,0,0,0,0,0,0
41500.0,4,3,125.9,0,0,0,0,0,0,1,0,0,0
50500.0,5,3,159.5,0,0,0,0,1,0,0,0,0,0
64500.0,5,2,151.0,0,0,0,1,0,0,0,0,0,0
24500.0,1,1,68.9,0,0,0,0,0,0,0,0,0,1
19000.0,1,1,58.3,0,0,0,0,0,0,0,0,1,0
29500.0,3,2,97.9,0,0,0,0,0,0,0,1,0,0
61500.0,4,2,142.3,0,0,0,1,0,0,0,0,0,0
26000.0,1,1,68.6,0,0,1,0,0,0,0,0,0,0
41000.0,2,1,104.0,0,0,0,1,0,0,0,0,0,0
29000.0,2,1,73.3,0,0,0,0,0,1,0,0,0,0
45000.0,5,3,145.4,0,1,0,0,0,0,0,0,0,0
32500.0,2,2,87.9,0,0,0,0,1,0,0,0,0,0
32500.0,2,1,79.2,0,0,0,0,0,0,0,0,0,1
19000.0,1,1,73.4,0,0,0,0,0,0,0,1,0,0
28500.0,1,1,61.8,0,0,0,0,0,1,0,0,0,0
39500.0,3,2,108.8,0,0,0,0,0,0,0,0,0,1
40500.0,3,2,110.0,0,0,0,0,0,0,0,0,1,0
58500.0,3,3,119.2,0,0,0,0,0,1,0,0,0,0
58000.0,5,3,156.7,0,0,0,0,0,0,0,0,0,1
34500.0,3,2,113.5,0,0,0,0,0,0,0,1,0,0
34000.0,2,1,83.7,0,0,0,1,0,0,0,0,0,0
35000.0,2,1,77.4,0,0,0,0,0,1,0,0,0,0
60500.0,5,2,155.5,0,0,0,0,1,0,0,0,0,0
33000.0,2,2,82.0,0,0,0,0,0,0,1,0,0,0
20500.0,1,1,84.3,1,0,0,0,0,0,0,0,0,0
45000.0,3,1,115.6,0,0,0,0,0,1,0,0,0,0
30500.0,1,1,68.5,0,0,0,1,0,0,0,0,0,0
44000.0,4,2,128.9,0,0,0,0,0,0,0,0,1,0
23000.0,2,2,70.9,1,0,0,0,0,0,0,0,0,0
51500.0,5,2,149.4,0,0,0,0,1,0,0,0,0,0
53000.0,5,3,153.2,0,0,0,0,0,0,0,0,1,0
40500.0,2,2,88.8,0,0,0,0,0,1,0,0,0,0
35000.0,3,2,113.6,0,1,0,0,0,0,0,0,0,0
44500.0,3,2,119.1,0,0,1,0,0,0,0,0,0,0
52500.0,4,2,121.7,0,0,0,1,0,0,0,0,0,0
26500.0,1,1,55.8,0,0,0,0,0,1,0,0,0,0
41000.0,2,1,103.4,0,0,0,1,0,0,0,0,0,0
27000.0,1,1,73.3,0,0,0,0,0,0,0,0,0,1
39000.0,3,2,106.8,0,0,0,0,0,0,0,0,1,0
54000.0,4,3,130.4,0,0,0,0,0,1,0,0,0,0
69500.0,5,3,157.7,0,0,0,0,0,1,0,0,0,0
22000.0,1,1,66.3,0,0,0,0,0,0,1,0,0,0
62500.0,4,2,138.0,0,0,1,0,0,0,0,0,0,0
19500.0,1,1,43.8,0,0,0,0,0,0,0,0,0,1
14500.0,1,1,58.2,0,1,0,0,0,0,0,0,0,0
60500.0,5,3,166.7,0,0,0,0,0,0,0,0,0,1
65000.0,5,3,156.8,0,0,0,0,0,1,0,0,0,0
30500.0,4,2,77.3,0,1,0,0,0,0,0,0,0,0
62500.0,5,3,160.1,0,0,1,0,0,0,0,0,0,0
23000.0,1,1,87.0,0,0,0,0,1,0,0,0,0,0
17500.0,1,1,40.0,0,0,0,0,0,0,0,0,1,0
59500.0,5,3,163.3,0,0,0,0,0,0,0,0,0,1
52000.0,5,3,157.4,0,0,0,0,0,0,0,1,0,0
50500.0,4,3,143.8,0,0,0,0,0,0,0,0,0,1
31500.0,2,1,90.4,0,0,0,0,0,0,0,0,1,0
37000.0,3,1,115.0,0,0,0,0,0,0,1,0,0,0
34500.0,3,1,103.1,0,0,0,0,0,0,1,0,0,0
54000.0,4,3,107.7,0,0,0,0,0,1,0,0,0,0
27500.0,2,1,107.0,1,0,0,0,0,0,0,0,0,0
42500.0,5,2,128.1,0,0,0,0,0,0,1,0,0,0
28000.0,3,2,89.8,0,1,0,0,0,0,0,0,0,0
51000.0,5,3,152.5,0,0,0,0,0,0,0,0,1,0
80000.0,5,3,156.7,0,0,0,1,0,0,0,0,0,0
31000.0,3,2,90.8,0,0,0,0,0,0,0,0,1,0
50000.0,3,2,115.2,0,0,1,0,0,0,0,0,0,0
70500.0,5,3,145.4,0,0,0,0,0,1,0,0,0,0
67500.0,5,3,149.9,0,0,0,1,0,0,0,0,0,0
11500.0,1,1,40.6,1,0,0,0,0,0,0,0,0,0
47000.0,3,1,108.1,0,0,0,1,0,0,0,0,0,0
25500.0,1,1,66.0,0,0,0,0,0,0,0,0,0,1
23500.0,1,1,66.9,0,0,1,0,0,0,0,0,0,0
56000.0,5,3,155.4,0,0,0,0,0,0,0,0,0,1
59500.0,4,2,142.0,0,0,0,1,0,0,0,0,0,0
57000.0,4,2,128.9,0,0,0,1,0,0,0,0,0,0
34500.0,2,1,89.8,0,0,0,0,0,1,0,0,0,0
32000.0,3,1,100.2,0,0,0,0,1,0,0,0,0,0
28500.0,2,1,79.3,0,0,0,0,0,0,0,0,0,1
42000.0,2,1,90.6,0,0,0,0,0,1,0,0,0,0
38500.0,2,1,82.4,0,0,0,1,0,0,0,0,0,0
49500.0,3,1,104.1,0,0,0,1,0,0,0,0,0,0
31500.0,3,3,101.9,0,0,0,0,0,0,0,1,0,0
28000.0,2,1,66.3,0,0,0,1,0,0,0,0,0,0
66000.0,4,3,134.6,0,0,1,0,0,0,0,0,0,0
35000.0,2,1,88.8,0,0,1,0,0,0,0,0,0,0
66500.0,4,2,140.2,0,0,0,0,0,1,0,0,0,0
33000.0,2,1,79.6,0,0,0,0,0,1,0,0,0,0
52000.0,5,3,174.7,0,0,0,0,0,0,1,0,0,0
22500.0,2,1,81.4,0,0,0,0,0,0,0,1,0,0
20000.0,1,1,53.5,0,0,0,0,0,0,0,0,0,1
22000.0,1,1,52.1,0,0,0,0,0,1,0,0,0,0
54000.0,5,3,131.2,0,0,0,0,0,0,0,0,0,1
65500.0,5,3,170.4,0,0,1,0,0,0,0,0,0,0
31500.0,2,1,102.5,0,0,0,0,1,0,0,0,0,0
50500.0,4,3,137.2,0,0,0,0,0,0,0,0,0,1
51000.0,3,2,103.8,0,0,0,1,0,0,0,0,0,0
56500.0,4,2,126.8,0,0,1,0,0,0,0,0,0,0
64500.0,5,2,169.2,0,0,0,0,1,0,0,0,0,0
71000.0,5,3,159.9,0,0,0,1,0,0,0,0,0,0
43500.0,2,1,89.0,0,0,0,1,0,0,0,0,0,0
33000.0,3,2,103.2,0,1,0,0,0,0,0,0,0,0
28000.0,1,1,56.7,0,0,0,1,0,0,0,0,0,0
34500.0,1,1,77.7,0,0,0,1,0,0,0,0,0,0
20500.0,1,1,71.2,0,0,0,0,0,0,0,0,1,0
33000.0,2,1,86.2,0,0,0,0,0,0,0,0,0,1
45000.0,4,3,118.1,0,0,0,0,0,0,0,0,1,0
21000.0,1,1,66.7,0,0,0,0,0,0,0,0,1,0
44000.0,2,1,91.2,0,0,0,1,0,0,0,0,0,0
17500.0,1,1,66.0,0,0,0,0,0,0,0,1,0,0
25500.0,2,1,76.4,0,0,0,0,0,0,0,0,1,0
65000.0,5,3,182.8,0,0,0,0,0,0,0,0,0,1
25000.0,3,1,89.9,0,1,0,0,0,0,0,0,0,0
35000.0,2,1,83.1,0,0,1,0,0,0,0,0,0,0
53500.0,5,3,146.4,1,0,0,0,0,0,0,0,0,0
42500.0,2,1,98.4,0,0,0,0,0,1,0,0,0,0
35000.0,3,2,113.7,0,0,0,0,0,0,1,0,0,0
22500.0,1,1,65.8,0,0,0,0,0,0,0,0,0,1
26000.0,2,1,95.6,0,0,0,0,0,0,1,0,0,0
37000.0,3,2,108.2,0,0,0,0,0,0,0,0,1,0
40000.0,1,1,102.2,0,0,0,0,0,0,0,0,0,1
64000.0,5,3,153.8,0,0,0,0,0,1,0,0,0,0
55500.0,5,3,154.3,0,0,0,0,0,0,0,0,0,1
37500.0,2,1,79.5,0,0,0,1,0,0,0,0,0,0
40500.0,3,2,92.0,0,0,0,1,0,0,0,0,0,0
16500.0,1,1,38.1,0,0,0,1,0,0,0,0,0,0
27000.0,2,1,86.4,0,0,0,0,1,0,0,0,0,0
40000.0,3,3,124.4,0,0,0,0,1,0,0,0,0,0
38500.0,3,2,104.0,0,0,0,0,0,0,0,0,0,1
19500.0,2,1,63.7,0,1,0,0,0,0,0,0,0,0
46500.0,4,2,135.4,0,0,0,0,0,0,0,0,1,0
59500.0,4,3,137.9,0,0,0,1,0,0,0,0,0,0
38000.0,2,1,99.6,0,0,1,0,0,0,0,0,0,0
48000.0,5,2,159.0,1,0,0,0,0,0,0,0,0,0
38000.0,2,2,92.2,0,0,0,1,0,0,0,0,0,0
33500.0,3,2,118.4,1,0,0,0,0,0,0,0,0,0
33000.0,3,1,86.2,0,0,0,0,0,0,0,0,1,0
61000.0,4,3,112.0,0,0,0,1,0,0,0,0,0,0
22000.0,2,1,77.2,0,1,0,0,0,0,0,0,0,0
48000.0,5,3,150.4,0,0,0,0,0,0,0,1,0,0
35500.0,2,1,90.7,0,0,1,0,0,0,0,0,0,0
58500.0,5,3,165.4,0,0,0,0,0,0,0,0,0,1
53000.0,3,2,121.8,0,0,0,1,0,0,0,0,0,0
41500.0,4,2,119.5,0,0,0,0,0,0,0,0,1,0
66000.0,5,3,154.9,0,0,0,0,0,0,0,0,0,1
51000.0,5,3,141.8,0,0,0,0,1,0,0,0,0,0
47000.0,3,2,111.9,0,0,0,1,0,0,0,0,0,0
15000.0,1,1,30.0,0,0,0,0,0,0,0,0,1,0
47000.0,3,2,136.9,0,0,0,0,0,0,0,0,0,1
35500.0,3,2,100.9,0,0,0,0,0,0,0,0,0,1
21500.0,1,1,59.8,0,0,1,0,0,0,0,0,0,0
40000.0,2,2,87.6,0,0,0,0,0,1,0,0,0,0
26500.0,2,2,80.2,0,0,0,0,1,0,0,0,0,0
63500.0,5,3,171.8,0,0,0,0,1,0,0,0,0,0
39000.0,3,2,106.7,0,0,0,0,0,0,0,0,1,0
20000.0,1,1,65.8,0,0,0,0,0,0,1,0,0,0
24000.0,1,1,78.4,1,0,0,0,0,0,0,0,0,0
66000.0,5,2,159.0,0,0,0,0,0,1,0,0,0,0
60000.0,5,3,151.3,0,0,1,0,0,0,0,0,0,0
63500.0,4,3,143.3,0,0,0,1,0,0,0,0,0,0
25500.0,1,1,94.5,0,0,0,0,0,0,1,0,0,0
26000.0,1,1,65.4,0,0,0,0,0,1,0,0,0,0
57500.0,4,3,132.0,0,0,0,1,0,0,0,0,0,0
59500.0,5,2,144.8,0,0,0,0,0,1,0,0,0,0
20500.0,1,1,45.6,0,0,0,1,0,0,0,0,0,0
43000.0,5,3,137.8,1,0,0,0,0,0,0,0,0,0
66000.0,5,3,145.8,0,0,0,1,0,0,0,0,0,0
24000.0,1,1,85.2,0,0,0,0,0,0,0,1,0,0
18500.0,1,1,70.4,0,1,0,0,0,0,0,0,0,0
59000.0,4,3,121.3,0,0,1,0,0,0,0,0,0,0
47500.0,4,2,143.5,0,0,0,0,0,0,0,1,0,0
50500.0,4,2,124.7,0,0,1,0,0,0,0,0,0,0
21000.0,1,1,77.5,0,0,0,0,1,0,0,0,0,0
49500.0,5,2,140.1,0,0,0,0,1,0,0,0,0,0
50000.0,5,3,156.7,0,0,0,0,0,0,1,0,0,0
51000.0,4,2,157.3,0,0,0,0,0,0,0,0,1,0
77000.0,5,3,154.5,0,0,0,1,0,0,0,0,0,0
37500.0,3,2,112.9,0,0,0,0,0,0,0,1,0,0
23000.0,2,1,80.4,0,0,0,0,0,0,1,0,0,0
72500.0,5,3,135.3,0,0,0,1,0,0,0,0,0,0
52500.0,4,2,138.4,0,0,0,0,0,0,0,0,0,1
25000.0,1,1,77.4,0,0,0,0,1,0,0,0,0,0
78000.0,5,3,148.3,0,0,0,1,0,0,0,0,0,0
44500.0,3,1,96.5,0,0,0,0,0,1,0,0,0,0
39000.0,4,2,123.3,0,0,0,0,0,0,0,1,0,0
45500.0,3,2,95.9,0,0,0,0,0,1,0,0,0,0
50000.0,3,2,130.7,0,0,0,0,0,0,0,0,0,1
43500.0,4,2,135.6,0,0,0,0,0,0,0,0,1,0
44000.0,4,2,136.9,0,0,0,0,0,0,0,0,1,0
36500.0,2,1,96.6,0,0,0,0,0,1,0,0,0,0
33000.0,3,2,103.0,0,1,0,0,0,0,0,0,0,0
26000.0,1,1,67.3,0,0,1,0,0,0,0,0,0,0
24500.0,1,1,60.8,0,0,0,0,0,0,0,0,0,1
64500.0,4,2,134.1,0,0,0,0,0,1,0,0,0,0
32500.0,2,2,70.0,0,0,0,1,0,0,0,0,0,0
33500.0,3,2,109.8,0,0,0,0,1,0,0,0,0,0
62500.0,5,3,149.5,0,0,0,0,0,1,0,0,0,0
30500.0,1,1,70.1,0,0,0,0,0,0,0,0,0,1
41500.0,3,2,138.3,0,0,0,0,0,0,1,0,0,0
38500.0,3,2,103.3,0,0,0,0,0,0,0,1,0,0
63000.0,5,3,145.5,0,0,0,0,0,0,0,0,0,1
33000.0,3,1,94.7,0,0,0,0,0,0,0,0,0,1
50000.0,4,3,132.5,0,0,0,0,0,0,0,0,0,1
28500.0,2,1,76.3,0,0,1,0,0,0,0,0,0,0
51000.0,4,3,106.3,0,0,0,1,0,0,0,0,0,0
66000.0,4,3,141.1,0,0,1,0,0,0,0,0,0,0
16500.0,1,1,54.8,1,0,0,0,0,0,0,0,0,0
53500.0,4,2,129.6,0,0,0,0,0,0,0,0,1,0
26500.0,2,1,68.9,0,0,1,0,0,0,0,0,0,0
53000.0,4,2,123.0,0,0,0,1,0,0,0,0,0,0
54000.0,4,3,129.9,0,0,0,0,0,0,0,0,0,1
53000.0,5,3,157.8,0,0,0,0,0,0,1,0,0,0
37000.0,3,2,125.3,0,0,0,0,0,0,0,1,0,0
20000.0,1,1,72.8,0,1,0,0,0,0,0,0,0,0
48500.0,4,2,141.5,1,0,0,0,0,0,0,0,0,0
22500.0,1,1,70.8,1,0,0,0,0,0,0,0,0,0
25000.0,1,1,63.6,0,0,0,1,0,0,0,0,0,0
58500.0,5,3,164.9,0,0,0,0,0,0,0,0,0,1
42500.0,3,1,115.8,0,0,1,0,0,0,0,0,0,0
69500.0,5,3,134.5,0,0,0,1,0,0,0,0,0,0
34500.0,3,1,104.7,0,0,0,0,0,0,0,0,1,0
64000.0,4,2,139.4,0,0,1,0,0,0,0,0,0,0
42000.0,2,1,85.7,0,0,0,1,0,0,0,0,0,0
24000.0,1,1,77.6,0,0,0,0,0,0,0,0,0,1
40000.0,2,1,101.8,0,0,0,1,0,0,0,0,0,0
33500.0,3,1,122.4,0,0,0,0,0,0,0,1,0,0
24000.0,1,1,78.5,0,0,0,0,0,0,0,0,1,0
22000.0,2,1,73.6,0,0,0,0,1,0,0,0,0,0
30000.0,1,1,69.8,0,0,0,0,0,0,0,0,0,1
50500.0,4,2,122.7,0,0,0,0,0,1,0,0,0,0
55500.0,5,3,148.6,0,0,0,0,0,0,1,0,0,0
36000.0,2,2,101.9,0,0,0,0,0,0,1,0,0,0
50000.0,5,3,176.2,0,1,0,0,0,0,0,0,0,0
29500.0,2,1,115.4,0,1,0,0,0,0,0,0,0,0
35500.0,2,1,88.1,0,0,0,1,0,0,0,0,0,0
50000.0,4,2,130.3,0,0,0,0,0,0,0,0,0,1
34500.0,3,1,92.6,0,0,0,0,0,0,0,1,0,0
61500.0,5,3,146.0,0,0,0,0,0,1,0,0,0,0
52500.0,4,2,145.4,0,0,0,0,0,0,0,0,0,1
36500.0,3,2,121.6,0,0,0,0,0,0,0,1,0,0
33000.0,2,1,85.4,0,0,0,0,0,1,0,0,0,0
37000.0,2,2,85.3,0,0,1,0,0,0,0,0,0,0
24500.0,1,1,73.4,0,0,0,0,0,0,0,0,0,1
29500.0,1,1,68.4,0,0,0,1,0,0,0,0,0,0
26500.0,2,1,109.7,0,1,0,0,0,0,0,0,0,0
18500.0,1,1,61.2,0,0,0,0,0,0,1,0,0,0
69000.0,5,2,176.0,0,0,1,0,0,0,0,0,0,0
35500.0,2,1,100.2,0,0,1,0,0,0,0,0,0,0
50000.0,3,2,108.3,0,0,0,0,0,1,0,0,0,0
76000.0,5,2,149.4,0,0,0,1,0,0,0,0,0,0
24000.0,1,1,69.2,0,0,1,0,0,0,0,0,0,0
53000.0,5,2,150.1,0,0,0,0,0,0,0,0,0,1
57000.0,5,3,153.6,0,0,0,0,0,0,0,0,0,1
77000.0,5,3,149.1,0,0,0,1,0,0,0,0,0,0
38000.0,4,2,130.6,0,1,0,0,0,0,0,0,0,0
53000.0,5,3,160.6,0,0,0,0,0,0,0,0,1,0
45000.0,3,1,124.4,0,0,1,0,0,0,0,0,0,0
36500.0,1,1,83.5,0,0,0,0,0,1,0,0,0,0
73000.0,5,3,154.4,0,0,1,0,0,0,0,0,0,0
49500.0,4,2,136.9,0,0,0,0,0,0,0,0,0,1
46000.0,5,2,150.2,1,0,0,0,0,0,0,0,0,0
52000.0,5,2,158.3,0,0,0,0,0,0,1,0,0,0
23000.0,1,1,67.8,0,0,0,0,1,0,0,0,0,0
41500.0,3,2,108.7,0,0,1,0,0,0,0,0,0,0
27500.0,1,1,65.7,0,0,0,1,0,0,0,0,0,0
16500.0,1,1,69.4,0,1,0,0,0,0,0,0,0,0
66500.0,5,3,148.5,0,0,0,0,0,1,0,0,0,0
75000.0,5,3,149.1,0,0,0,1,0,0,0,0,0,0
57000.0,5,3,184.5,0,0,0,0,0,0,1,0,0,0
48000.0,4,3,115.5,0,0,0,0,0,0,0,0,1,0
31000.0,3,2,92.9,0,0,0,0,0,0,1,0,0,0
39500.0,4,2,140.7,0,1,0,0,0,0,0,0,0,0
44500.0,4,2,132.1,0,0,0,0,0,0,0,0,1,0
78500.0,5,3,158.3,0,0,0,1,0,0,0,0,0,0
37500.0,4,3,121.7,1,0,0,0,0,0,0,0,0,0
25000.0,1,1,63.8,0,0,0,1,0,0,0,0,0,0
18500.0,1,1,45.0,0,0,1,0,0,0,0,0,0,0
50500.0,4,2,116.1,0,0,0,1,0,0,0,0,0,0
60000.0,4,3,116.5,0,0,0,1,0,0,0,0,0,0
50000.0,4,3,139.2,0,0,0,0,0,0,0,0,1,0
44000.0,4,2,112.2,0,0,0,0,1,0,0,0,0,0
47500.0,5,3,118.7,0,0,0,0,0,0,0,0,1,0
26500.0,1,1,78.7,0,0,0,0,0,0,0,0,1,0
43000.0,3,2,86.1,0,0,1,0,0,0,0,0,0,0
52000.0,5,3,162.1,1,0,0,0,0,0,0,0,0,0
49500.0,4,2,119.3,0,0,0,0,0,1,0,0,0,0
70500.0,5,3,164.6,0,0,0,1,0,0,0,0,0,0
31000.0,1,1,102.5,0,0,0,0,1,0,0,0,0,0
46000.0,4,2,108.3,0,0,0,0,0,1,0,0,0,0
46000.0,5,3,157.1,0,1,0,0,0,0,0,0,0,0
38000.0,4,2,131.6,1,0,0,0,0,0,0,0,0,0
37000.0,3,1,97.1,0,0,1,0,0,0,0,0,0,0
55000.0,5,3,161.4,0,0,0,0,0,0,0,0,1,0
20000.0,1,1,46.6,0,0,0,0,0,0,0,0,0,1
26500.0,2,1,100.9,0,1,0,0,0,0,0,0,0,0
38000.0,4,3,113.2,0,0,0,0,1,0,0,0,0,0
56000.0,5,3,174.9,0,0,0,0,1,0,0,0,0,0
37500.0,2,1,100.7,0,0,1,0,0,0,0,0,0,0
18000.0,1,1,54.4,0,1,0,0,0,0,0,0,0,0
23500.0,1,1,63.0,0,0,0,0,0,1,0,0,0,0
32500.0,2,1,87.5,0,0,0,0,0,0,0,0,1,0
73500.0,5,3,170.3,0,0,0,0,0,1,0,0,0,0
48500.0,3,1,113.3,0,0,0,0,0,1,0,0,0,0
73500.0,5,3,154.1,0,0,0,0,0,1,0,0,0,0
36000.0,2,1,83.6,0,0,0,1,0,0,0,0,0,0
41000.0,2,2,85.4,0,0,0,1,0,0,0,0,0,0
23000.0,1,1,79.7,0,0,0,0,1,0,0,0,0,0
30500.0,2,1,86.0,0,0,0,0,0,0,0,0,1,0
32000.0,3,2,103.3,0,0,0,0,1,0,0,0,0,0
64000.0,5,3,145.2,0,0,0,1,0,0,0,0,0,0
42500.0,4,3,113.2,0,0,0,0,0,0,0,0,0,1
40000.0,4,3,121.0,0,0,0,0,0,0,1,0,0,0
44000.0,3,1,116.5,0,0,0,0,1,0,0,0,0,0
15000.0,1,1,34.3,0,0,0,1,0,0,0,0,0,0
67500.0,5,3,158.8,0,0,0,0,0,0,0,0,0,1
67500.0,5,3,150.1,0,0,0,1,0,0,0,0,0,0
26500.0,1,1,58.2,0,0,0,0,0,0,0,0,0,1
44000.0,5,3,146.1,0,1,0,0,0,0,0,0,0,0
45500.0,4,2,132.9,0,0,0,0,1,0,0,0,0,0
41000.0,4,2,112.4,0,0,0,0,0,0,0,0,0,1
48500.0,4,3,132.7,0,0,0,0,0,0,0,0,1,0
51500.0,3,2,127.4,0,0,0,0,0,1,0,0,0,0
38500.0,4,2,132.4,1,0,0,0,0,0,0,0,0,0
20000.0,1,1,66.7,0,0,0,0,1,0,0,0,0,0
28500.0,1,1,63.4,0,0,0,1,0,0,0,0,0,0
66500.0,5,3,162.4,0,0,0,0,0,1,0,0,0,0
26000.0,1,1,70.5,0,0,0,0,0,1,0,0,0,0
38000.0,4,2,118.0,0,1,0,0,0,0,0,0,0,0
16000.0,1,1,46.9,0,0,0,0,0,0,0,1,0,0
39000.0,2,2,90.9,0,0,1,0,0,0,0,0,0,0
66000.0,5,3,160.5,0,0,0,0,0,0,0,0,1,0
53500.0,3,2,117.2,0,0,0,0,0,1,0,0,0,0
29500.0,2,2,86.6,0,0,0,0,0,0,0,0,0,1
30000.0,3,2,97.6,0,1,0,0,0,0,0,0,0,0
20500.0,1,1,52.2,0,1,0,0,0,0,0,0,0,0
30000.0,3,2,89.9,1,0,0,0,0,0,0,0,0,0
16500.0,1,1,43.5,0,0,1,0,0,0,0,0,0,0
57500.0,5,2,159.4,0,0,0,0,0,0,0,0,0,1
22500.0,2,1,70.0,0,0,0,0,0,0,0,0,1,0
24000.0,1,1,70.0,0,0,0,0,0,0,0,0,0,1
55000.0,5,3,153.1,0,0,0,0,0,0,0,0,0,1
35000.0,3,2,100.3,0,0,0,0,0,0,0,0,1,0
27000.0,1,1,74.3,0,0,0,0,0,1,0,0,0,0
40500.0,4,2,103.6,0,0,0,0,0,0,0,0,0,1
29500.0,2,1,90.2,0,0,0,0,0,0,1,0,0,0
50500.0,5,3,171.4,0,0,0,0,0,0,0,1,0,0
47000.0,2,1,103.3,0,0,0,1,0,0,0,0,0,0
50000.0,3,2,112.7,0,0,0,1,0,0,0,0,0,0
27000.0,2,1,78.4,0,0,0,0,0,0,1,0,0,0
32000.0,3,3,104.4,0,0,0,0,0,0,0,1,0,0
29000.0,1,1,70.5,0,0,0,1,0,0,0,0,0,0
44500.0,4,2,120.3,0,0,0,0,0,0,1,0,0,0
58500.0,4,2,139.1,0,0,0,1,0,0,0,0,0,0
85000.0,5,3,177.6,0,0,0,0,0,1,0,0,0,0
27500.0,2,1,85.3,1,0,0,0,0,0,0,0,0,0
24000.0,2,1,69.9,0,0,0,0,0,0,0,0,0,1
39000.0,3,1,91.9,0,0,0,1,0,0,0,0,0,0
56000.0,4,2,139.3,0,0,0,0,0,1,0,0,0,0
52500.0,5,3,151.3,0,0,0,0,0,0,0,0,1,0
17500.0,1,1,74.5,0,1,0,0,0,0,0,0,0,0
27500.0,2,1,79.6,1,0,0,0,0,0,0,0,0,0
34500.0,3,2,99.2,0,0,0,0,0,0,1,0,0,0
56000.0,5,3,147.2,0,0,0,0,0,0,0,0,0,1
14000.0,1,1,49.6,0,0,0,0,0,0,0,1,0,0
56000.0,5,3,175.9,0,0,0,0,1,0,0,0,0,0
58000.0,4,3,128.8,0,0,0,1,0,0,0,0,0,0
47500.0,4,3,137.7,0,0,0,0,0,0,0,1,0,0
62500.0,4,3,123.6,0,0,0,1,0,0,0,0,0,0
20000.0,1,1,51.4,0,0,0,0,0,1,0,0,0,0
52500.0,4,3,127.2,0,0,1,0,0,0,0,0,0,0
35500.0,2,1,99.2,0,0,1,0,0,0,0,0,0,0
36500.0,3,2,101.8,0,0,0,0,1,0,0,0,0,0
40000.0,4,2,131.9,1,0,0,0,0,0,0,0,0,0
29000.0,2,1,92.0,1,0,0,0,0,0,0,0,0,0
47000.0,3,2,112.2,0,0,0,1,0,0,0,0,0,0
21500.0,1,1,71.7,0,0,0,0,1,0,0,0,0,0
39500.0,4,2,138.6,1,0,0,0,0,0,0,0,0,0
18500.0,1,1,50.2,0,0,0,0,0,0,0,0,0,1
41000.0,3,1,96.4,0,0,1,0,0,0,0,0,0,0
50500.0,4,2,117.0,0,0,0,0,0,1,0,0,0,0
22500.0,1,1,48.0,0,0,0,1,0,0,0,0,0,0
41000.0,2,2,89.5,0,0,0,0,0,1,0,0,0,0
32000.0,4,2,98.9,0,0,0,0,0,0,0,1,0,0
45000.0,3,1,132.7,0,0,0,0,0,0,1,0,0,0
57000.0,4,2,119.3,0,0,0,0,0,1,0,0,0,0
62500.0,4,2,154.6,0,0,0,0,0,1,0,0,0,0
29500.0,3,2,90.6,0,0,0,0,1,0,0,0,0,0
54000.0,5,3,142.3,0,0,0,0,0,0,1,0,0,0
32000.0,3,2,112.3,0,1,0,0,0,0,0,0,0,0
32000.0,2,1,69.5,0,0,0,1,0,0,0,0,0,0
67500.0,4,2,139.3,0,0,0,1,0,0,0,0,0,0
61500.0,5,2,160.5,0,0,1,0,0,0,0,0,0,0
84500.0,5,3,173.7,0,0,0,1,0,0,0,0,0,0
33500.0,1,2,66.6,0,0,0,1,0,0,0,0,0,0
22000.0,1,1,48.5,0,0,0,0,0,1,0,0,0,0
58500.0,5,3,148.0,0,0,0,0,0,0,1,0,0,0
32500.0,2,1,79.8,0,0,0,1,0,0,0,0,0,0
26500.0,2,1,98.2,0,0,0,0,0,0,1,0,0,0
81000.0,5,3,163.9,0,0,0,1,0,0,0,0,0,0
32500.0,2,2,75.9,0,0,0,1,0,0,0,0,0,0
22000.0,1,1,76.0,0,0,0,0,0,0,0,1,0,0
21500.0,1,1,60.1,0,0,1,0,0,0,0,0,0,0
25000.0,2,1,77.5,0,0,0,0,0,0,1,0,0,0
23000.0,1,1,57.3,0,0,0,1,0,0,0,0,0,0
36000.0,3,2,111.7,0,0,0,0,1,0,0,0,0,0
25000.0,2,1,82.9,0,0,0,0,0,0,1,0,0,0
25000.0,1,1,79.7,0,0,0,0,0,0,1,0,0,0
29000.0,2,1,77.3,0,0,1,0,0,0,0,0,0,0
42500.0,3,2,109.8,0,0,0,0,0,0,0,0,0,1
48000.0,5,3,143.6,0,0,0,0,0,0,1,0,0,0
57000.0,4,2,135.3,0,0,0,1,0,0,0,0,0,0
70500.0,4,2,147.4,0,0,0,1,0,0,0,0,0,0
62500.0,5,3,136.2,0,0,0,1,0,0,0,0,0,0
54500.0,4,3,116.5,0,0,0,1,0,0,0,0,0,0
39500.0,4,2,124.2,0,0,0,0,0,0,1,0,0,0
26500.0,1,1,88.0,1,0,0,0,0,0,0,0,0,0
35500.0,2,1,97.3,0,0,0,0,0,0,0,0,1,0
61000.0,4,3,126.8,0,0,0,0,0,1,0,0,0,0
62000.0,5,3,148.6,0,0,0,0,0,1,0,0,0,0
30000.0,3,2,90.6,0,0,0,0,0,0,0,1,0,0
25000.0,2,1,91.9,0,0,0,0,0,0,0,1,0,0
43500.0,3,2,123.4,0,0,0,0,0,0,0,0,0,1
54000.0,5,3,149.5,0,0,0,0,0,0,0,0,0,1
39000.0,3,1,110.0,0,0,0,0,0,0,0,0,0,1
54000.0,5,3,162.7,0,0,0,0,1,0,0,0,0,0
43000.0,3,1,116.8,0,0,1,0,0,0,0,0,0,0
49000.0,5,3,151.8,0,0,0,0,0,0,1,0,0,0
40500.0,4,3,117.3,0,0,0,0,1,0,0,0,0,0
50500.0,3,1,106.4,0,0,0,1,0,0,0,0,0,0
56000.0,4,2,150.1,0,0,1,0,0,0,0,0,0,0
42000.0,3,3,112.3,0,0,0,0,0,0,0,0,0,1
31500.0,1,1,87.5,0,0,0,0,0,1,0,0,0,0
19000.0,1,1,63.5,0,0,0,0,0,0,1,0,0,0
21500.0,1,1,75.4,0,0,0,0,0,0,1,0,0,0
51000.0,4,2,123.8,0,0,0,0,0,1,0,0,0,0
55500.0,5,3,143.9,0,0,0,0,0,0,0,0,0,1
32500.0,2,1,61.3,0,0,1,0,0,0,0,0,0,0
51500.0,4,2,122.3,0,0,0,0,0,0,0,0,1,0
15500.0,1,1,54.4,0,0,0,0,1,0,0,0,0,0
30000.0,2,1,71.8,0,0,0,1,0,0,0,0,0,0
41000.0,2,1,83.5,0,0,0,1,0,0,0,0,0,0
60500.0,5,3,173.2,0,0,0,0,0,0,0,0,0,1
50000.0,5,3,177.1,0,1,0,0,0,0,0,0,0,0
50500.0,5,3,132.1,0,0,0,0,0,0,0,0,1,0
53000.0,3,2,103.7,0,0,0,1,0,0,0,0,0,0
29000.0,3,2,95.6,0,1,0,0,0,0,0,0,0,0
40000.0,2,1,97.9,0,0,1,0,0,0,0,0,0,0
53000.0,4,2,133.4,0,0,1,0,0,0,0,0,0,0
18500.0,1,1,56.4,0,1,0,0,0,0,0,0,0,0
35000.0,2,1,86.9,0,0,0,1,0,0,0,0,0,0
20500.0,1,1,58.3,0,0,0,0,0,0,0,0,0,1
41500.0,3,2,127.4,0,0,0,0,0,0,0,0,1,0
37500.0,2,1,92.6,0,0,0,0,0,0,0,0,0,1
21500.0,1,1,72.0,0,0,0,0,1,0,0,0,0,0
20000.0,2,1,54.0,0,0,0,0,0,0,0,0,0,1
66000.0,5,3,151.2,0,0,0,1,0,0,0,0,0,0
51000.0,3,2,133.0,0,0,0,0,0,0,0,0,0,1
60500.0,5,3,129.8,0,0,0,1,0,0,0,0,0,0
77000.0,5,3,148.2,0,0,0,1,0,0,0,0,0,0
20500.0,2,1,71.6,0,0,0,0,0,0,0,1,0,0
64000.0,5,3,154.9,0,0,0,0,0,1,0,0,0,0
65000.0,5,3,142.8,0,0,0,1,0,0,0,0,0,0
38000.0,2,1,86.4,0,0,0,0,0,1,0,0,0,0
30500.0,3,1,95.0,0,0,0,0,0,0,0,0,1,0
65500.0,5,3,152.4,0,0,0,0,0,0,0,0,0,1
48500.0,5,3,162.1,0,0,0,0,0,0,0,1,0,0
50000.0,3,2,120.1,0,0,0,1,0,0,0,0,0,0
58500.0,4,3,112.6,0,0,0,1,0,0,0,0,0,0
37500.0,3,2,110.8,0,0,0,0,0,0,0,0,1,0
37500.0,2,1,86.8,0,0,0,1,0,0,0,0,0,0
28000.0,2,1,106.6,0,0,0,0,0,0,0,1,0,0
25000.0,2,2,83.9,0,0,0,0,0,0,1,0,0,0
54500.0,4,3,140.3,0,0,1,0,0,0,0,0,0,0
22000.0,2,1,70.1,1,0,0,0,0,0,0,0,0,0
65500.0,5,3,149.3,0,0,0,1,0,0,0,0,0,0
28500.0,1,1,58.5,0,0,0,0,0,1,0,0,0,0
41000.0,3,2,118.2,0,1,0,0,0,0,0,0,0,0
61500.0,5,2,158.6,0,0,0,0,0,0,0,0,1,0
46000.0,5,2,143.0,0,0,0,0,0,0,1,0,0,0
53000.0,3,2,109.6,0,0,0,1,0,0,0,0,0,0
44000.0,4,2,147.9,1,0,0,0,0,0,0,0,0,0
47000.0,4,2,120.0,0,0,1,0,0,0,0,0,0,0
51000.0,3,2,109.7,0,0,1,0,0,0,0,0,0,0
18000.0,1,1,61.7,1,0,0,0,0,0,0,0,0,0
43500.0,3,2,107.2,0,0,0,0,0,1,0,0,0,0
31000.0,2,1,66.4,0,0,0,0,0,1,0,0,0,0
41000.0,3,2,124.9,0,0,0,0,0,0,0,0,1,0
55000.0,4,3,120.7,0,0,0,1,0,0,0,0,0,0
38500.0,2,2,98.3,0,0,0,0,0,1,0,0,0,0
30500.0,2,1,78.5,0,0,0,0,0,0,0,0,0,1
53500.0,4,2,132.5,0,0,0,0,0,1,0,0,0,0
55500.0,4,2,139.1,0,0,0,0,0,1,0,0,0,0
62000.0,5,3,148.5,0,0,0,0,0,1,0,0,0,0
50000.0,4,3,129.9,0,0,0,0,0,0,0,0,1,0
33500.0,3,2,118.8,0,1,0,0,0,0,0,0,0,0
38000.0,2,1,77.7,0,0,0,0,0,1,0,0,0,0
69000.0,5,3,169.8,0,0,0,0,0,1,0,0,0,0
35000.0,2,1,82.2,0,0,1,0,0,0,0,0,0,0
63000.0,5,3,161.1,0,0,1,0,0,0,0,0,0,0
55500.0,5,3,152.3,0,0,0,0,0,0,0,0,1,0
30500.0,2,1,82.4,0,0,1,0,0,0,0,0,0,0
54000.0,4,3,129.6,0,0,0,0,0,1,0,0,0,0
66500.0,5,3,162.7,0,0,0,0,0,1,0,0,0,0
26500.0,1,1,62.5,0,0,0,1,0,0,0,0,0,0
65000.0,4,3,130.1,0,0,0,1,0,0,0,0,0,0
20000.0,1,1,74.4,0,0,0,0,1,0,0,0,0,0
63000.0,5,3,150.8,0,0,0,0,0,1,0,0,0,0
26000.0,1,1,85.7,0,0,0,0,0,0,0,0,0,1
55000.0,5,3,150.1,0,0,0,0,0,0,0,0,1,0
21000.0,1,1,61.1,0,0,0,0,0,0,1,0,0,0
25000.0,2,1,70.2,0,0,0,0,0,0,1,0,0,0
41000.0,5,3,139.6,0,1,0,0,0,0,0,0,0,0
24500.0,2,1,79.6,0,0,0,0,0,0,0,0,1,0
53000.0,4,2,143.6,0,0,0,0,1,0,0,0,0,0
27500.0,1,1,63.6,0,0,0,1,0,0,0,0,0,0
80000.0,5,3,166.7,0,0,0,0,0,1,0,0,0,0
30000.0,2,1,101.1,0,0,0,0,0,0,0,0,1,0
36000.0,2,1,75.8,0,0,0,1,0,0,0,0,0,0
46000.0,3,2,129.8,0,0,0,0,1,0,0,0,0,0
26000.0,1,1,60.8,0,0,0,1,0,0,0,0,0,0
42500.0,4,2,138.6,0,0,0,0,1,0,0,0,0,0
26000.0,2,1,98.1,0,0,0,0,0,0,0,1,0,0
39000.0,2,1,79.1,0,0,1,0,0,0,0,0,0,0
63500.0,5,3,152.1,0,0,0,0,0,1,0,0,0,0
22000.0,1,1,69.7,0,0,0,0,0,0,0,0,0,1
46000.0,3,2,104.1,0,0,0,1,0,0,0,0,0,0
33000.0,3,2,100.2,0,0,0,0,0,0,1,0,0,0
60500.0,5,3,152.6,0,0,1,0,0,0,0,0,0,0
27500.0,2,1,72.2,0,0,1,0,0,0,0,0,0,0
48500.0,5,3,157.1,1,0,0,0,0,0,0,0,0,0
42000.0,4,3,143.6,1,0,0,0,0,0,0,0,0,0
24000.0,1,1,63.0,0,0,0,0,0,0,0,1,0,0
45500.0,3,2,114.4,0,0,0,0,0,1,0,0,0,0
56000.0,2,2,123.2,0,0,0,1,0,0,0,0,0,0
43000.0,3,2,106.6,0,0,1,0,0,0,0,0,0,0
39500.0,3,2,116.9,0,0,0,0,0,0,0,0,1,0
29000.0,2,1,105.7,1,0,0,0,0,0,0,0,0,0
31000.0,2,1,97.7,0,0,0,0,0,0,0,0,1,0
39000.0,3,1,82.1,0,0,0,0,0,1,0,0,0,0
45500.0,3,2,114.8,0,0,0,0,0,1,0,0,0,0
43000.0,2,1,116.9,0,0,0,0,0,1,0,0,0,0
21000.0,2,1,72.1,0,0,0,0,0,0,1,0,0,0
32500.0,3,2,111.4,0,0,0,0,0,0,0,1,0,0
21500.0,1,1,48.6,0,0,0,0,0,0,0,0,0,1
48000.0,3,2,122.8,0,0,0,0,0,0,0,0,0,1
66500.0,5,3,152.9,0,0,0,1,0,0,0,0,0,0
55500.0,4,3,119.7,0,0,1,0,0,0,0,0,0,0
55500.0,4,2,123.4,0,0,1,0,0,0,0,0,0,0
23500.0,1,1,81.8,0,0,0,0,1,0,0,0,0,0
40500.0,2,1,87.2,0,0,0,1,0,0,0,0,0,0
67500.0,5,3,138.3,0,0,0,0,0,1,0,0,0,0
31500.0,3,2,85.5,0,0,0,0,0,0,0,0,1,0
33500.0,2,1,87.3,0,0,1,0,0,0,0,0,0,0
30500.0,1,1,75.8,0,0,1,0,0,0,0,0,0,0
18500.0,1,1,57.3,0,0,0,0,0,0,0,0,0,1
52000.0,3,2,126.8,0,0,0,1,0,0,0,0,0,0
49000.0,4,3,121.4,0,0,0,0,0,0,0,0,0,1
32000.0,2,1,83.1,0,0,0,0,0,1,0,0,0,0
53000.0,4,2,117.0,0,0,0,1,0,0,0,0,0,0
42500.0,4,2,141.9,0,1,0,0,0,0,0,0,0,0
47500.0,2,1,111.2,0,0,0,0,0,1,0,0,0,0
62000.0,4,3,145.2,0,0,0,1,0,0,0,0,0,0
20000.0,1,1,46.6,0,0,0,0,0,0,0,0,1,0
29500.0,2,1,92.8,0,0,0,0,0,0,0,1,0,0
32000.0,1,1,70.6,0,0,0,0,0,1,0,0,0,0
84500.0,5,3,173.1,0,0,0,1,0,0,0,0,0,0
38500.0,2,1,109.4,0,0,1,0,0,0,0,0,0,0
23000.0,2,1,85.3,1,0,0,0,0,0,0,0,0,0
15000.0,1,1,57.6,1,0,0,0,0,0,0,0,0,0
62500.0,5,3,141.0,0,0,0,1,0,0,0,0,0,0
30500.0,2,2,97.7,0,0,0,0,1,0,0,0,0,0
50500.0,5,3,135.5,0,0,0,0,0,0,0,0,0,1
31000.0,3,2,105.0,0,1,0,0,0,0,0,0,0,0
77500.0,5,2,153.2,0,0,0,1,0,0,0,0,0,0
19000.0,1,1,58.0,0,1,0,0,0,0,0,0,0,0
23000.0,1,1,67.4,0,0,0,0,0,0,0,1,0,0
90500.0,5,3,182.8,0,0,0,1,0,0,0,0,0,0
30500.0,3,2,102.8,0,0,0,0,0,0,0,1,0,0
60000.0,5,2,154.9,0,0,1,0,0,0,0,0,0,0
54000.0,5,3,154.0,0,0,0,0,0,0,0,0,1,0
62500.0,5,3,149.0,0,0,0,0,0,1,0,0,0,0
67000.0,5,3,130.6,0,0,0,0,0,1,0,0,0,0
57500.0,4,3,110.6,0,0,0,1,0,0,0,0,0,0
37500.0,4,2,108.0,1,0,0,0,0,0,0,0,0,0
39000.0,3,2,112.6,0,0,0,0,0,0,0,0,0,1
18000.0,1,1,47.7,0,0,0,0,0,0,0,0,0,1
35000.0,2,1,101.1,0,0,0,0,0,0,0,0,0,1
76000.0,5,2,149.1,0,0,0,1,0,0,0,0,0,0
15000.0,1,1,54.3,0,0,0,0,0,0,0,1,0,0
30500.0,3,2,96.2,1,0,0,0,0,0,0,0,0,0
37500.0,3,2,122.3,0,0,0,0,0,0,0,1,0,0
46000.0,5,3,156.3,0,1,0,0,0,0,0,0,0,0
25500.0,2,1,93.7,0,0,0,0,0,0,1,0,0,0
31500.0,2,1,86.1,0,0,1,0,0,0,0,0,0,0
27500.0,1,1,68.6,0,0,1,0,0,0,0,0,0,0
31000.0,3,1,98.2,0,1,0,0,0,0,0,0,0,0
70000.0,5,3,170.7,0,0,1,0,0,0,0,0,0,0
23500.0,1,1,61.7,0,0,1,0,0,0,0,0,0,0
37500.0,2,2,95.7,0,0,0,0,0,1,0,0,0,0
41500.0,2,1,94.8,0,0,0,0,0,1,0,0,0,0
39500.0,2,1,99.8,0,0,0,0,0,1,0,0,0,0
29500.0,1,1,76.9,0,0,0,1,0,0,0,0,0,0
23500.0,1,1,86.2,0,0,0,0,0,0,1,0,0,0
64000.0,5,3,148.9,0,0,0,0,0,1,0,0,0,0
45500.0,5,3,152.4,0,1,0,0,0,0,0,0,0,0
40000.0,2,2,81.8,0,0,0,1,0,0,0,0,0,0
52500.0,3,2,128.5,0,0,0,1,0,0,0,0,0,0
39000.0,3,2,95.9,0,0,0,0,0,0,0,0,0,1
45000.0,5,3,140.7,1,0,0,0,0,0,0,0,0,0
28500.0,1,1,71.5,0,0,1,0,0,0,0,0,0,0
41500.0,3,2,133.4,0,1,0,0,0,0,0,0,0,0
29000.0,3,1,102.6,1,0,0,0,0,0,0,0,0,0
39000.0,3,3,109.5,0,0,0,0,0,0,0,0,0,1
49500.0,3,2,100.1,0,0,0,1,0,0,0,0,0,0
65500.0,5,2,153.7,0,0,0,1,0,0,0,0,0,0
30500.0,2,1,94.2,0,0,0,0,0,0,0,0,0,1
29000.0,2,1,89.9,0,0,0,0,0,0,0,0,1,0
44000.0,3,3,103.3,0,0,1,0,0,0,0,0,0,0
22500.0,1,1,72.7,0,0,0,0,0,0,0,0,0,1
47000.0,4,3,136.1,0,0,0,0,0,0,0,0,1,0
51500.0,5,3,176.9,0,0,0,0,0,0,0,1,0,0
43500.0,4,2,147.8,0,1,0,0,0,0,0,0,0,0
27500.0,2,1,67.9,0,0,0,0,0,1,0,0,0,0
24500.0,1,1,69.1,0,0,0,0,0,0,0,0,0,1
33000.0,2,1,85.2,0,0,0,0,0,1,0,0,0,0
30500.0,3,2,91.2,0,1,0,0,0,0,0,0,0,0
64500.0,5,3,156.6,0,0,0,0,0,1,0,0,0,0
49000.0,5,3,151.9,0,0,0,0,0,0,1,0,0,0
29500.0,1,1,87.0,0,0,1,0,0,0,0,0,0,0
43000.0,2,1,100.0,0,0,0,0,0,1,0,0,0,0
31000.0,3,1,95.7,0,0,0,0,1,0,0,0,0,0
28500.0,1,1,72.7,0,0,0,0,0,1,0,0,0,0
28000.0,3,2,91.4,0,1,0,0,0,0,0,0,0,0
60000.0,4,3,140.0,0,0,0,1,0,0,0,0,0,0
23000.0,1,1,58.8,0,0,1,0,0,0,0,0,0,0
21500.0,1,1,61.0,0,0,1,0,0,0,0,0,0,0
37500.0,3,2,94.4,0,0,1,0,0,0,0,0,0,0
37500.0,2,1,78.2,0,0,0,0,0,1,0,0,0,0
45000.0,4,3,151.1,1,0,0,0,0,0,0,0,0,0
25500.0,1,1,64.9,0,0,1,0,0,0,0,0,0,0
64500.0,5,3,148.2,0,0,0,0,0,1,0,0,0,0
23500.0,2,1,73.8,0,0,0,0,0,0,0,0,1,0
61000.0,5,3,168.3,0,0,0,0,0,0,0,0,0,1
36500.0,3,2,106.3,0,0,0,0,0,0,0,0,1,0
33000.0,1,1,86.7,0,0,0,1,0,0,0,0,0,0
51500.0,4,3,129.6,0,0,1,0,0,0,0,0,0,0
49500.0,5,3,159.7,0,1,0,0,0,0,0,0,0,0
22000.0,2,1,53.9,0,0,1,0,0,0,0,0,0,0
41000.0,4,2,129.4,0,0,0,0,0,0,1,0,0,0
25000.0,1,1,81.8,0,0,0,0,0,0,0,0,1,0
26500.0,2,1,97.6,0,0,0,0,0,0,1,0,0,0
26500.0,1,1,78.9,0,0,0,0,0,0,0,0,1,0
39500.0,4,2,126.9,0,0,0,0,0,0,0,1,0,0
32500.0,3,2,97.1,0,0,0,0,0,0,0,0,1,0
57500.0,5,3,170.5,0,0,0,0,1,0,0,0,0,0
28000.0,2,2,90.1,1,0,0,0,0,0,0,0,0,0
28500.0,1,1,66.5,0,0,0,0,0,1,0,0,0,0
25000.0,1,1,71.3,0,0,1,0,0,0,0,0,0,0
52000.0,5,3,166.9,0,0,0,0,1,0,0,0,0,0
44000.0,3,1,106.9,0,0,0,1,0,0,0,0,0,0
46000.0,4,2,130.4,0,0,0,0,0,0,0,0,0,1
58000.0,5,3,172.7,0,0,0,0,0,0,0,0,1,0
53000.0,5,3,171.5,0,0,0,0,1,0,0,0,0,0
31500.0,3,2,107.9,0,1,0,0,0,0,0,0,0,0
47000.0,4,3,124.6,0,0,0,0,0,0,0,0,0,1
54000.0,3,2,111.8,0,0,0,1,0,0,0,0,0,0
51500.0,4,3,129.7,0,0,1,0,0,0,0,0,0,0
40000.0,4,3,122.0,0,0,0,0,0,0,0,1,0,0
49500.0,5,3,153.5,0,0,0,0,0,0,1,0,0,0
49500.0,4,2,133.2,0,0,0,0,1,0,0,0,0,0
26000.0,1,1,59.5,0,0,0,1,0,0,0,0,0,0
56000.0,3,2,118.8,0,0,0,0,0,1,0,0,0,0
36000.0,2,1,101.5,0,0,1,0,0,0,0,0,0,0
29000.0,1,1,75.6,0,0,0,1,0,0,0,0,0,0
42000.0,3,2,117.1,0,0,0,0,0,0,0,0,0,1
39000.0,3,2,93.2,0,0,1,0,0,0,0,0,0,0
37000.0,3,2,116.1,0,0,0,0,1,0,0,0,0,0
60500.0,4,3,161.1,0,0,1,0,0,0,0,0,0,0
26000.0,1,1,81.5,0,0,0,0,0,0,1,0,0,0
52500.0,5,3,160.5,0,0,0,0,1,0,0,0,0,0
52500.0,5,3,155.0,0,0,0,0,0,0,1,0,0,0
64000.0,5,3,154.0,0,0,0,0,0,1,0,0,0,0
28000.0,2,2,74.0,0,0,0,0,0,0,1,0,0,0
15000.0,1,1,43.1,0,0,0,0,0,0,0,0,0,1
34000.0,2,1,75.5,0,0,0,0,0,1,0,0,0,0
27500.0,2,1,60.7,0,0,1,0,0,0,0,0,0,0
24500.0,1,1,61.0,0,0,0,0,0,0,0,0,0,1
18500.0,1,1,61.4,0,0,0,0,0,0,1,0,0,0
26500.0,2,1,78.1,0,0,0,0,0,0,0,0,0,1
54500.0,4,3,125.9,0,0,0,0,0,0,0,0,0,1
62500.0,4,2,150.7,0,0,0,1,0,0,0,0,0,0
43000.0,2,1,93.9,0,0,0,0,0,1,0,0,0,0
44000.0,4,2,123.3,0,0,0,0,0,0,0,0,0,1
47000.0,3,1,107.7,0,0,0,0,0,0,0,0,0,1
21000.0,1,1,54.8,0,1,0,0,0,0,0,0,0,0
39000.0,2,2,98.1,0,0,1,0,0,0,0,0,0,0
16500.0,1,1,50.9,0,0,0,0,0,0,0,1,0,0
34000.0,3,1,107.5,1,0,0,0,0,0,0,0,0,0
38500.0,4,2,106.3,0,0,0,0,0,0,0,1,0,0
17500.0,1,1,63.5,0,1,0,0,0,0,0,0,0,0
59500.0,4,2,135.4,0,0,1,0,0,0,0,0,0,0
50500.0,2,1,112.8,0,0,0,1,0,0,0,0,0,0
46500.0,2,2,103.4,0,0,1,0,0,0,0,0,0,0
41500.0,2,1,119.6,0,0,1,0,0,0,0,0,0,0
58500.0,4,3,139.1,0,0,0,0,0,1,0,0,0,0
44500.0,4,2,132.0,0,0,0,0,0,0,0,0,1,0
41500.0,2,2,97.7,0,0,1,0,0,0,0,0,0,0
44000.0,4,3,123.3,0,0,0,0,0,0,0,1,0,0
33500.0,3,2,112.8,0,0,0,0,0,0,1,0,0,0
36000.0,3,2,99.8,1,0,0,0,0,0,0,0,0,0
26000.0,2,2,91.0,0,0,0,0,0,0,0,1,0,0
31500.0,3,2,106.3,0,0,0,0,0,0,0,1,0,0
50500.0,5,3,128.9,0,0,0,0,0,0,0,0,0,1
53000.0,4,3,112.5,0,0,0,0,0,1,0,0,0,0
21000.0,1,1,50.2,0,0,0,0,0,0,0,0,0,1
32500.0,3,2,97.4,0,0,0,0,0,0,0,0,1,0
36000.0,2,1,88.6,0,0,0,0,0,1,0,0,0,0
59000.0,5,3,161.0,0,0,0,0,0,0,0,0,0,1
72500.0,5,3,164.9,0,0,0,1,0,0,0,0,0,0
24000.0,1,1,71.3,0,0,0,0,0,0,0,0,0,1
35000.0,3,1,121.2,0,1,0,0,0,0,0,0,0,0
56500.0,4,2,141.0,0,0,0,0,0,1,0,0,0,0
47500.0,5,3,156.5,0,0,0,0,0,0,0,1,0,0
30000.0,2,1,101.3,0,0,0,0,1,0,0,0,0,0
37000.0,3,2,79.9,0,0,0,0,0,0,0,0,0,1
66000.0,4,3,126.5,0,0,0,1,0,0,0,0,0,0
52500.0,4,3,143.8,0,0,0,0,0,0,0,0,0,1
27500.0,2,1,104.9,0,1,0,0,0,0,0,0,0,0
21500.0,1,1,80.9,0,0,0,0,1,0,0,0,0,0
30500.0,3,1,93.9,0,0,0,0,0,0,1,0,0,0
52000.0,4,3,116.3,0,0,0,0,0,0,0,0,0,1
34500.0,3,2,89.3,0,0,0,0,0,0,0,0,0,1
32500.0,1,1,72.2,0,0,0,0,0,1,0,0,0,0
31500.0,2,1,80.8,0,0,0,0,0,0,1,0,0,0
48000.0,4,2,129.5,0,0,0,0,0,0,1,0,0,0
33000.0,2,1,85.6,0,0,0,0,0,1,0,0,0,0
41500.0,3,2,128.3,0,0,0,0,0,0,0,1,0,0
42000.0,4,2,96.0,0,0,0,0,0,0,0,0,0,1
51500.0,4,2,118.5,0,0,0,1,0,0,0,0,0,0
20500.0,1,1,64.1,0,0,0,0,0,0,0,0,1,0
27500.0,2,2,86.8,0,0,0,0,0,0,1,0,0,0
69000.0,5,3,159.5,0,0,0,1,0,0,0,0,0,0
32000.0,2,1,83.2,0,0,0,0,0,1,0,0,0,0
42000.0,4,3,124.6,0,0,0,0,1,0,0,0,0,0
32000.0,3,2,87.1,0,0,0,0,0,0,0,0,0,1
41500.0,3,2,102.6,0,0,1,0,0,0,0,0,0,0
40000.0,3,2,123.1,0,0,0,0,0,0,0,1,0,0
41000.0,3,2,115.1,0,0,0,0,0,0,0,0,1,0
28000.0,2,1,100.0,0,0,0,0,1,0,0,0,0,0
37000.0,4,2,117.9,1,0,0,0,0,0,0,0,0,0
28000.0,3,2,99.5,0,1,0,0,0,0,0,0,0,0
24500.0,1,1,79.0,0,0,0,0,0,0,0,0,0,1
57000.0,5,3,169.8,0,0,0,0,1,0,0,0,0,0
39500.0,2,2,80.5,0,0,0,1,0,0,0,0,0,0
18500.0,1,1,44.8,0,0,1,0,0,0,0,0,0,0
67000.0,5,3,157.9,0,0,0,0,0,0,0,0,0,1
44000.0,5,3,128.6,0,0,0,0,0,0,1,0,0,0
44500.0,5,3,146.6,0,1,0,0,0,0,0,0,0,0
49500.0,5,3,153.9,0,0,0,0,0,0,1,0,0,0
59000.0,5,3,157.0,0,0,0,0,0,0,0,0,0,1
47000.0,4,2,128.3,0,0,0,0,0,0,0,0,0,1
49000.0,3,2,118.1,0,0,0,1,0,0,0,0,0,0
47500.0,5,3,156.6,0,0,0,0,0,0,0,1,0,0
34500.0,1,1,78.6,0,0,0,1,0,0,0,0,0,0
25500.0,2,2,78.7,0,0,0,0,0,0,0,0,1,0
47500.0,5,3,145.7,0,0,0,0,0,0,1,0,0,0
33500.0,3,2,106.3,0,1,0,0,0,0,0,0,0,0
28000.0,2,2,101.2,0,0,0,0,0,0,0,1,0,0
66500.0,5,3,162.6,0,0,0,0,0,0,0,0,0,1
54000.0,4,2,126.3,0,0,0,1,0,0,0,0,0,0
42000.0,4,2,137.7,0,0,0,0,0,0,0,1,0,0
33500.0,2,1,88.7,0,0,0,0,0,0,0,0,0,1
46500.0,4,2,138.6,0,0,0,0,0,0,0,0,1,0
46500.0,5,3,135.9,0,0,0,0,0,0,1,0,0,0
55000.0,4,2,128.3,0,0,0,1,0,0,0,0,0,0
32000.0,3,2,107.3,0,0,0,0,0,0,1,0,0,0
25000.0,2,1,93.5,0,1,0,0,0,0,0,0,0,0
31500.0,3,2,100.5,0,0,0,0,1,0,0,0,0,0
41500.0,4,3,117.0,0,0,0,0,0,0,0,1,0,0
29500.0,2,2,93.0,0,0,0,0,1,0,0,0,0,0
42000.0,3,1,109.0,0,0,0,0,0,0,0,0,0,1
42500.0,3,3,121.3,0,0,0,0,0,0,0,0,0,1
49500.0,4,3,122.9,0,0,1,0,0,0,0,0,0,0
35500.0,2,1,84.3,0,0,1,0,0,0,0,0,0,0
41000.0,4,2,116.9,0,0,0,0,0,0,0,0,1,0
38500.0,2,1,103.0,0,0,0,0,0,1,0,0,0,0
30500.0,2,2,90.7,0,0,0,0,0,0,1,0,0,0
65000.0,5,3,150.6,0,0,0,0,0,0,0,0,0,1
35500.0,2,1,92.1,0,0,0,0,1,0,0,0,0,0
32500.0,3,2,105.0,0,0,0,0,1,0,0,0,0,0
24000.0,1,1,57.6,0,0,1,0,0,0,0,0,0,0
20000.0,1,1,56.1,0,0,0,0,0,0,0,0,0,1
39500.0,4,2,125.7,1,0,0,0,0,0,0,0,0,0
35500.0,4,2,114.0,0,1,0,0,0,0,0,0,0,0
37500.0,2,1,83.8,0,0,0,0,0,1,0,0,0,0
33000.0,3,1,104.1,0,0,0,0,0,0,0,0,1,0
40000.0,2,1,88.4,0,0,1,0,0,0,0,0,0,0
52000.0,5,3,161.0,1,0,0,0,0,0,0,0,0,0
48500.0,3,2,116.4,0,0,0,1,0,0,0,0,0,0
36500.0,2,2,92.6,0,0,0,0,0,1,0,0,0,0
35500.0,3,2,105.1,0,0,0,0,0,0,0,1,0,0
73000.0,5,3,144.9,0,0,0,0,0,1,0,0,0,0
37500.0,3,1,108.2,1,0,0,0,0,0,0,0,0,0
55000.0,5,3,153.2,0,0,0,0,0,0,0,0,0,1
29500.0,3,2,96.4,0,0,0,0,0,0,1,0,0,0
17500.0,1,1,44.1,0,0,0,0,0,1,0,0,0,0
51500.0,4,2,139.8,0,0,0,0,0,0,0,0,1,0
34500.0,3,2,98.0,0,0,0,0,0,0,1,0,0,0
41500.0,3,2,113.1,0,0,0,0,0,0,0,0,0,1
53000.0,4,2,146.5,0,0,0,0,1,0,0,0,0,0
39500.0,3,1,103.2,0,0,0,0,0,0,0,0,1,0
35000.0,2,1,83.4,0,0,1,0,0,0,0,0,0,0
50000.0,2,1,98.9,0,0,0,1,0,0,0,0,0,0
35500.0,3,1,86.3,0,0,0,0,0,1,0,0,0,0
25000.0,1,1,87.6,0,0,0,0,0,0,0,1,0,0
57500.0,3,2,137.3,0,0,0,1,0,0,0,0,0,0
33000.0,3,2,75.5,0,0,0,0,0,1,0,0,0,0
45000.0,5,3,150.8,0,1,0,0,0,0,0,0,0,0
41500.0,3,2,103.0,0,0,0,0,0,0,0,0,0,1
48000.0,4,3,139.7,0,0,0,0,0,0,0,1,0,0
36000.0,3,3,106.6,0,0,0,0,1,0,0,0,0,0
21500.0,2,1,75.1,0,0,0,0,0,0,0,1,0,0
55500.0,5,2,149.9,0,0,0,0,0,0,0,0,0,1
38000.0,2,1,92.2,0,0,1,0,0,0,0,0,0,0
14000.0,1,1,49.8,0,0,0,0,0,0,1,0,0,0
42000.0,4,2,110.2,0,0,0,0,0,0,0,0,0,1
55000.0,4,3,153.9,0,0,0,0,0,0,0,0,0,1
75500.0,5,3,144.3,0,0,0,1,0,0,0,0,0,0
32500.0,3,2,106.4,1,0,0,0,0,0,0,0,0,0
18500.0,1,1,59.2,0,0,0,0,1,0,0,0,0,0
42500.0,3,1,129.3,0,0,0,0,1,0,0,0,0,0
40000.0,2,2,93.0,0,0,1,0,0,0,0,0,0,0
56500.0,5,3,133.8,0,0,1,0,0,0,0,0,0,0
51500.0,5,3,147.2,0,0,0,0,0,0,0,0,1,0
29500.0,2,1,82.8,0,0,0,0,0,0,0,0,0,1
30500.0,2,1,95.8,0,0,0,0,0,0,1,0,0,0
21500.0,1,1,51.0,0,0,0,0,0,1,0,0,0,0
43500.0,3,2,125.9,0,0,0,0,0,0,0,0,1,0
35000.0,3,2,105.0,1,0,0,0,0,0,0,0,0,0
32500.0,3,2,113.3,0,1,0,0,0,0,0,0,0,0
26500.0,1,1,71.5,0,0,0,0,0,1,0,0,0,0
26500.0,1,1,58.0,0,0,0,1,0,0,0,0,0,0
21500.0,1,1,51.0,0,0,0,0,0,0,0,0,0,1
24000.0,1,1,60.5,0,0,0,1,0,0,0,0,0,0
51000.0,3,2,104.1,0,0,0,1,0,0,0,0,0,0
28000.0,2,1,97.4,1,0,0,0,0,0,0,0,0,0
38000.0,2,2,76.6,0,0,0,1,0,0,0,0,0,0
38500.0,2,1,105.4,0,0,0,0,0,0,0,0,1,0
21500.0,2,1,73.8,0,0,0,0,0,0,1,0,0,0
36500.0,3,2,108.0,0,0,0,0,0,0,0,0,1,0
31000.0,2,1,104.0,0,0,0,0,1,0,0,0,0,0
32500.0,1,1,78.3,0,0,0,0,0,1,0,0,0,0
51000.0,4,2,125.1,0,0,0,0,0,1,0,0,0,0
76000.0,5,3,146.7,0,0,0,1,0,0,0,0,0,0
40000.0,3,2,111.0,0,0,0,0,0,0,0,0,0,1
36500.0,4,3,107.1,0,0,0,0,0,0,0,1,0,0
62500.0,4,2,129.4,0,0,0,0,0,1,0,0,0,0
78500.0,5,3,145.0,0,0,0,1,0,0,0,0,0,0
40000.0,4,2,113.2,0,0,0,0,0,0,1,0,0,0
22000.0,1,1,69.5,0,0,0,0,0,0,0,0,0,1
22000.0,2,2,58.2,0,0,0,0,0,0,0,0,0,1
53500.0,5,3,165.3,0,0,0,0,1,0,0,0,0,0
38500.0,2,1,108.0,0,0,0,0,0,0,0,0,0,1
48000.0,5,3,131.3,0,0,0,0,0,0,0,0,1,0
51000.0,4,2,141.0,0,0,0,0,0,0,0,0,0,1
41000.0,3,2,106.8,0,0,1,0,0,0,0,0,0,0
42500.0,3,3,104.0,0,0,0,0,0,0,0,0,1,0
16500.0,1,1,47.6,0,0,0,0,0,0,0,0,1,0
55500.0,3,2,116.1,0,0,0,1,0,0,0,0,0,0
55500.0,5,3,173.4,0,0,0,0,1,0,0,0,0,0
35500.0,2,2,98.1,0,0,0,0,1,0,0,0,0,0
18000.0,1,1,56.9,0,0,0,0,1,0,0,0,0,0
41500.0,3,2,96.0,0,0,0,1,0,0,0,0,0,0
60000.0,5,3,135.6,0,0,0,0,0,1,0,0,0,0
56500.0,3,2,125.7,0,0,0,0,0,1,0,0,0,0
52000.0,4,2,147.8,0,0,0,0,0,0,0,0,0,1
55000.0,4,2,136.3,0,0,0,0,0,1,0,0,0,0
32000.0,2,1,90.0,0,0,0,0,1,0,0,0,0,0
64000.0,5,3,148.3,0,0,0,0,0,0,0,0,0,1
37000.0,3,1,115.9,0,0,0,0,0,0,1,0,0,0
26000.0,1,1,63.8,0,0,1,0,0,0,0,0,0,0
30000.0,3,1,103.6,0,0,0,0,0,0,1,0,0,0
34500.0,3,2,98.4,0,0,0,0,0,0,0,0,1,0
41500.0,4,2,137.2,0,1,0,0,0,0,0,0,0,0
64000.0,5,3,157.9,0,0,1,0,0,0,0,0,0,0
17500.0,1,1,58.6,0,0,0,0,0,0,0,0,1,0
59500.0,3,1,128.8,0,0,0,1,0,0,0,0,0,0
30000.0,1,1,82.6,0,0,1,0,0,0,0,0,0,0
55000.0,4,2,140.6,0,0,1,0,0,0,0,0,0,0
20500.0,1,2,59.3,0,1,0,0,0,0,0,0,0,0
40500.0,3,2,104.4,0,0,1,0,0,0,0,0,0,0
39500.0,2,2,102.6,0,0,1,0,0,0,0,0,0,0
17500.0,1,1,59.8,1,0,0,0,0,0,0,0,0,0
59500.0,5,3,144.4,0,0,1,0,0,0,0,0,0,0
34500.0,2,1,108.5,0,0,0,0,0,0,0,0,0,1
29500.0,2,2,85.4,0,0,0,0,0,0,0,0,0,1
72500.0,5,2,173.2,0,0,0,1,0,0,0,0,0,0
71500.0,5,3,135.2,0,0,0,1,0,0,0,0,0,0
26000.0,1,1,70.2,0,0,0,0,0,1,0,0,0,0
45000.0,4,2,130.4,0,0,0,0,1,0,0,0,0,0
64000.0,4,3,126.8,0,0,0,1,0,0,0,0,0,0
57000.0,5,3,138.0,0,0,0,0,0,0,0,0,1,0
14000.0,1,1,54.8,0,1,0,0,0,0,0,0,0,0
64500.0,5,2,150.9,0,0,0,1,0,0,0,0,0,0
17000.0,1,1,49.2,0,0,0,0,0,0,0,0,1,0
34500.0,1,1,82.7,0,0,0,0,0,1,0,0,0,0
45500.0,4,2,143.9,0,0,0,0,0,0,0,0,1,0
55500.0,4,3,129.6,0,0,0,0,0,1,0,0,0,0
16000.0,1,1,50.2,0,0,0,0,0,0,1,0,0,0
34000.0,1,1,82.4,0,0,0,0,0,0,0,0,0,1
33000.0,3,2,103.6,0,1,0,0,0,0,0,0,0,0
36500.0,4,2,108.9,0,0,0,0,0,0,1,0,0,0
30000.0,3,2,100.2,0,0,0,0,0,0,0,1,0,0
33000.0,3,3,90.5,1,0,0,0,0,0,0,0,0,0
37500.0,3,2,100.5,0,0,0,0,0,0,0,0,0,1
37500.0,2,1,94.9,0,0,0,0,0,0,0,0,0,1
31500.0,2,1,81.5,0,0,0,0,0,0,0,0,0,1
50000.0,4,3,134.3,0,0,0,0,0,0,0,0,0,1
38000.0,3,2,99.3,0,0,0,0,0,0,0,0,1,0
33000.0,3,2,108.8,1,0,0,0,0,0,0,0,0,0
34500.0,3,1,131.1,1,0,0,0,0,0,0,0,0,0
32000.0,2,1,81.8,0,0,1,0,0,0,0,0,0,0
62000.0,5,3,156.6,0,0,0,0,0,0,0,0,1,0
34000.0,3,2,89.2,0,0,0,0,0,0,0,1,0,0
41000.0,4,2,148.2,0,1,0,0,0,0,0,0,0,0
56000.0,5,3,146.3,0,0,0,0,0,0,0,0,0,1
73500.0,5,3,164.6,0,0,1,0,0,0,0,0,0,0
58000.0,4,3,137.3,0,0,0,0,0,0,0,0,0,1
53000.0,3,2,116.1,0,0,0,0,0,1,0,0,0,0
39500.0,4,2,124.6,1,0,0,0,0,0,0,0,0,0
29500.0,2,2,99.1,1,0,0,0,0,0,0,0,0,0
36000.0,4,2,120.9,0,1,0,0,0,0,0,0,0,0
22000.0,1,1,73.3,0,0,0,0,0,0,1,0,0,0
39500.0,2,1,90.2,0,0,0,0,0,1,0,0,0,0
50500.0,4,2,124.5,0,0,1,0,0,0,0,0,0,0
20500.0,1,1,64.6,0,0,0,0,0,0,0,0,1,0
18500.0,1,1,51.1,0,0,1,0,0,0,0,0,0,0
53500.0,5,3,155.0,0,0,0,0,0,0,0,0,1,0
64000.0,5,2,152.5,0,0,0,0,0,1,0,0,0,0
33500.0,2,2,79.5,0,0,0,0,1,0,0,0,0,0
23500.0,1,1,63.3,0,0,0,0,0,1,0,0,0,0
62500.0,5,2,144.6,0,0,0,1,0,0,0,0,0,0
22000.0,1,1,62.5,0,0,0,0,0,0,0,0,0,1
36000.0,4,2,117.9,0,0,0,0,0,0,0,1,0,0
49000.0,4,2,142.7,0,0,0,0,0,0,0,0,0,1
37500.0,3,2,111.3,0,0,0,0,0,0,1,0,0,0
27000.0,1,1,78.1,0,0,1,0,0,0,0,0,0,0
28500.0,2,1,62.2,0,0,0,1,0,0,0,0,0,0
31500.0,3,2,77.3,0,0,0,0,0,0,0,0,0,1
16500.0,1,1,47.5,0,0,0,0,0,0,0,0,1,0
54500.0,5,2,149.2,0,0,0,0,0,0,0,0,0,1
56000.0,4,2,132.5,0,0,0,1,0,0,0,0,0,0
82500.0,5,3,163.0,0,0,0,1,0,0,0,0,0,0
49500.0,5,3,138.3,0,0,0,0,0,0,0,0,1,0
65500.0,4,2,134.2,0,0,0,1,0,0,0,0,0,0
17500.0,1,1,57.8,0,0,0,0,0,0,0,0,1,0
33500.0,1,1,80.6,0,0,0,0,0,1,0,0,0,0
43000.0,3,2,106.8,0,0,0,0,0,1,0,0,0,0
73500.0,5,3,173.3,0,0,0,1,0,0,0,0,0,0
39500.0,4,2,120.5,0,0,0,0,0,0,1,0,0,0
30000.0,3,1,116.9,0,1,0,0,0,0,0,0,0,0
25000.0,1,1,63.3,0,0,0,1,0,0,0,0,0,0
33500.0,2,1,82.1,0,0,0,1,0,0,0,0,0,0
38500.0,4,3,137.6,0,1,0,0,0,0,0,0,0,0
24500.0,1,1,60.4,0,0,1,0,0,0,0,0,0,0
40000.0,3,2,76.1,0,0,0,1,0,0,0,0,0,0
28500.0,2,1,100.8,0,0,0,0,1,0,0,0,0,0
49500.0,4,2,152.6,0,0,0,0,0,0,0,0,1,0
47500.0,5,3,151.8,1,0,0,0,0,0,0,0,0,0
20500.0,1,1,48.5,0,0,1,0,0,0,0,0,0,0
44500.0,4,2,125.0,0,0,0,0,0,0,0,0,0,1
59000.0,4,3,130.1,0,0,1,0,0,0,0,0,0,0
67000.0,5,2,139.9,0,0,0,0,0,1,0,0,0,0
34500.0,1,1,90.9,0,0,0,1,0,0,0,0,0,0
23000.0,1,1,48.5,0,0,0,1,0,0,0,0,0,0
41000.0,2,1,104.6,0,0,0,0,0,1,0,0,0,0
53000.0,5,3,152.9,0,0,0,0,0,0,0,0,1,0
34500.0,3,1,104.5,0,0,0,0,0,0,0,0,1,0
31000.0,2,1,91.8,0,0,0,0,0,0,1,0,0,0
51000.0,5,3,153.8,0,0,0,0,1,0,0,0,0,0
28500.0,1,1,77.0,0,0,1,0,0,0,0,0,0,0
35000.0,3,1,106.7,0,0,0,0,0,0,0,0,1,0
58500.0,5,3,165.9,0,0,0,0,0,0,0,0,0,1
31000.0,1,1,73.1,0,0,0,0,0,1,0,0,0,0
61000.0,4,3,119.5,0,0,0,1,0,0,0,0,0,0
25500.0,2,1,80.2,0,0,0,0,0,0,1,0,0,0
15500.0,1,1,64.0,0,1,0,0,0,0,0,0,0,0
36000.0,2,1,87.5,0,0,0,0,0,0,0,0,0,1
42000.0,5,3,131.5,0,1,0,0,0,0,0,0,0,0
67000.0,5,3,149.2,0,0,0,1,0,0,0,0,0,0
34000.0,3,2,117.5,0,1,0,0,0,0,0,0,0,0
40000.0,4,2,128.5,1,0,0,0,0,0,0,0,0,0
43500.0,4,2,129.6,1,0,0,0,0,0,0,0,0,0
36000.0,2,2,97.9,0,0,1,0,0,0,0,0,0,0
43000.0,4,2,125.5,0,0,0,0,0,0,0,1,0,0
49000.0,5,3,135.4,0,0,0,0,0,0,0,0,1,0
23500.0,1,1,75.3,0,0,0,0,0,0,0,0,1,0
63500.0,4,2,128.9,0,0,0,0,0,1,0,0,0,0
40500.0,2,1,87.1,0,0,0,1,0,0,0,0,0,0
44000.0,4,3,115.6,0,0,0,0,1,0,0,0,0,0
39000.0,4,2,112.5,0,0,0,0,1,0,0,0,0,0
20000.0,1,1,55.2,0,0,1,0,0,0,0,0,0,0
49000.0,4,2,135.6,0,0,0,0,0,0,0,0,0,1
24000.0,2,2,76.0,1,0,0,0,0,0,0,0,0,0
39500.0,3,2,117.1,0,0,0,0,1,0,0,0,0,0
21500.0,1,1,51.7,0,0,0,0,0,1,0,0,0,0
68000.0,5,3,152.5,0,0,0,1,0,0,0,0,0,0
39500.0,3,2,108.6,0,0,0,0,0,0,0,0,0,1
70500.0,5,3,179.9,0,0,1,0,0,0,0,0,0,0
17000.0,1,1,71.6,0,1,0,0,0,0,0,0,0,0
25000.0,2,1,78.9,0,0,0,0,1,0,0,0,0,0
51000.0,4,3,138.2,0,0,0,0,0,0,0,0,0,1
44000.0,4,2,155.7,0,0,0,0,0,0,0,1,0,0
46000.0,5,3,141.9,0,0,0,0,0,0,0,1,0,0
22000.0,1,1,59.0,0,0,0,0,0,0,0,0,1,0
23000.0,2,1,82.0,0,1,0,0,0,0,0,0,0,0
63500.0,5,3,136.3,0,0,0,0,0,0,0,0,0,1
44500.0,3,2,124.8,0,0,0,0,1,0,0,0,0,0
46500.0,5,3,134.9,1,0,0,0,0,0,0,0,0,0
51500.0,3,2,105.6,0,0,0,1,0,0,0,0,0,0
42000.0,3,1,107.6,0,0,0,0,1,0,0,0,0,0
51000.0,4,3,113.8,0,0,0,1,0,0,0,0,0,0
26000.0,2,2,76.9,0,0,0,0,0,0,1,0,0,0
57500.0,5,3,154.5,0,0,0,0,0,0,0,0,0,1
66500.0,5,3,135.2,0,0,0,0,0,1,0,0,0,0
40500.0,4,2,139.8,0,0,0,0,0,0,0,1,0,0
26500.0,1,1,65.4,0,0,1,0,0,0,0,0,0,0
